X,Y,patronyme_,objectid,numero_uai,appellatio,denominati,secteur_pu,adresse_ua,lieu_dit_u,boite_post,code_posta,localite_a,libelle_co,coordonnee,coordonn_1,epsg,latitude,longitude,appariemen,localisati,nature_uai,nature_u_1,etat_etabl,etat_eta_1,code_depar,code_regio,code_acade,code_commu,libelle_de,libelle_re,libelle_ac,secteur_pr,secteur__1,eff_1920,statut,dat_ferm,euroscol,eff_2021,eff_2122,eff_2223
2.8383076760891,50.4313406657066,CONDORCET,1,0620108F,Lycée général et technologique Condorcet,LYCEE GENERAL ET TECHNOLOGIQUE,Public,25  RUE ETIENNE DOLET, ,169,62303,LENS CEDEX,LENS,688494.9,7037102.8,EPSG:2154,50.43134067,2.83830768,Parfaite,Numéro de rue,300,LYCEE ENSEIGNT GENERAL ET TECHNOLOGIQUE,1,OUVERT,62,32,09,62498,Pas-de-Calais,Hauts-de-France,Lille,99,SANS OBJET,682,Ouvert,,NON,681,701,
2.73929922987383,50.4418180881935,EMILIENNE MOREAU,2,0620276N,Ecole maternelle Emilienne Moreau,ECOLE MATERNELLE PUBLIQUE,Public,Rue de Marengo, , ,62160,BULLY LES MINES,BULLY-LES-MINES,681453.9,7038288.8,EPSG:2154,50.44181809,2.73929923,Parfaite,Numéro de rue,101,ECOLE MATERNELLE,1,OUVERT,62,32,09,62186,Pas-de-Calais,Hauts-de-France,Lille,99,SANS OBJET,142,Ouvert,,NON,124,124,
2.84451776958514,50.4364735297162,ROLAND,3,0620302S,Ecole maternelle Roland,ECOLE MATERNELLE PUBLIQUE,Public,20 A BOULEVARD DU MARAIS, , ,62300,LENS,LENS,688937.9,7037673.7,EPSG:2154,50.43647353,2.84451777,Parfaite,Numéro de rue,101,ECOLE MATERNELLE,1,OUVERT,62,32,09,62498,Pas-de-Calais,Hauts-de-France,Lille,99,SANS OBJET,76,Ouvert,,NON,78,80,
2.77739724143606,50.4263346983341,LEO LAGRANGE,4,0620309Z,Ecole maternelle Léo Lagrange,ECOLE MATERNELLE PUBLIQUE,Public,Rue Montgolfier, , ,62800,LIEVIN,LIEVIN,684159.3,7036555.7,EPSG:2154,50.4263347,2.77739724,Parfaite,Numéro de rue,101,ECOLE MATERNELLE,1,OUVERT,62,32,09,62510,Pas-de-Calais,Hauts-de-France,Lille,99,SANS OBJET,97,Ouvert,,NON,89,92,
2.84562661393088,50.4911543275952,AURIOL-JOLY,5,0620376X,Ecole maternelle Vincent Auriol,ECOLE MATERNELLE PUBLIQUE,Public,1 BIS RUE DES FRERES BUISINE, , ,62410,WINGLES,WINGLES,689028.7,7043765.1,EPSG:2154,50.49115433,2.84562661,Parfaite,Numéro de rue,101,ECOLE MATERNELLE,1,OUVERT,62,32,09,62895,Pas-de-Calais,Hauts-de-France,Lille,99,SANS OBJET,201,Ouvert,,NON,200,188,
2.84718539797985,50.4244432996191,HENRI BARBUSSE,6,0621322A,Ecole primaire Henri Barbusse,ECOLE PRIMAIRE PUBLIQUE,Public,Rue Francis Jiolat, , ,62430,SALLAUMINES,SALLAUMINES,689125.1,7036333.2,EPSG:2154,50.4244433,2.8471854,Parfaite,Numéro de rue,151,ECOLE DE NIVEAU ELEMENTAIRE,1,OUVERT,62,32,09,62771,Pas-de-Calais,Hauts-de-France,Lille,99,SANS OBJET,156,Ouvert,,NON,138,133,
2.80530675281966,50.433715962891,MARIE CURIE,7,0621336R,Ecole primaire Marie Curie,ECOLE PRIMAIRE PUBLIQUE,Public,Rue François de la Rochefoucauld, , ,62300,LENS,LENS,686147.4,7037372.7,EPSG:2154,50.43371596,2.80530675,Parfaite,Numéro de rue,151,ECOLE DE NIVEAU ELEMENTAIRE,1,OUVERT,62,32,09,62498,Pas-de-Calais,Hauts-de-France,Lille,99,SANS OBJET,168,Ouvert,,NON,171,146,
2.81402561983731,50.4388461911178,SOPHIE BERTHELOT,8,0621349E,Ecole primaire Sophie Berthelot,ECOLE PRIMAIRE PUBLIQUE,Public,8 rue Auguste Lefèbvre, , ,62300,LENS,LENS,686769.1,7037942.7,EPSG:2154,50.43884619,2.81402562,Parfaite,Numéro de rue,151,ECOLE DE NIVEAU ELEMENTAIRE,1,OUVERT,62,32,09,62498,Pas-de-Calais,Hauts-de-France,Lille,99,SANS OBJET,119,Ouvert,,NON,120,116,
2.82990561362401,50.4302647290125,JEANNE D'ARC,9,0621350F,Ecole primaire Jeanne d'Arc,ECOLE PRIMAIRE PUBLIQUE,Public,19 rue Victor Hugo, , ,62300,LENS,LENS,687896.8,7036984.2,EPSG:2154,50.43026473,2.82990561,Parfaite,Numéro de rue,151,ECOLE DE NIVEAU ELEMENTAIRE,1,OUVERT,62,32,09,62498,Pas-de-Calais,Hauts-de-France,Lille,99,SANS OBJET,182,Ouvert,,NON,166,178,
2.90628233908211,50.4458267338711,DENIS DIDEROT,10,0621370C,Ecole primaire Denis Diderot,ECOLE PRIMAIRE PUBLIQUE,Public,22 rue de Montceau, , ,62440,HARNES,HARNES,693333.5,7038708.7,EPSG:2154,50.44582673,2.90628234,Parfaite,Numéro de rue,151,ECOLE DE NIVEAU ELEMENTAIRE,1,OUVERT,62,32,09,62413,Pas-de-Calais,Hauts-de-France,Lille,99,SANS OBJET,152,Ouvert,,NON,155,159,
2.70666773164667,50.3796532082831,RPI 82,11,0621414A,Ecole maternelle publique RPI 82,ECOLE MATERNELLE PUBLIQUE,Public,10 bis rue Pasteur, , ,62144,CARENCY,CARENCY,679106.8,7031372.2,EPSG:2154,50.37965321,2.70666773,Parfaite,Numéro de rue,101,ECOLE MATERNELLE,1,OUVERT,62,32,09,62213,Pas-de-Calais,Hauts-de-France,Lille,99,SANS OBJET,48,Ouvert,,NON,56,49,
2.67166075984473,50.3736739525411,RPI 82,12,0621448M,Ecole primaire RPI 82,ECOLE PRIMAIRE PUBLIQUE,Public,1 RUE DES FOURS, , ,62144,VILLERS AU BOIS,VILLERS-AU-BOIS,676610.6,7030716,EPSG:2154,50.37367395,2.67166076,Parfaite,Numéro de rue,151,ECOLE DE NIVEAU ELEMENTAIRE,1,OUVERT,62,32,09,62854,Pas-de-Calais,Hauts-de-France,Lille,99,SANS OBJET,65,Ouvert,,NON,67,74,
2.76069549148557,50.4174916206865,ADRIENNE BERTELOOT MIXTE,13,0621559H,Ecole élémentaire publique Adrienne Berteloot,ECOLE ELEMENTAIRE PUBLIQUE,Public,Rue du 8 Mai 1945, ,129,62800,LIEVIN,LIEVIN,682967.8,7035574.1,EPSG:2154,50.41749162,2.76069549,Parfaite,Numéro de rue,151,ECOLE DE NIVEAU ELEMENTAIRE,1,OUVERT,62,32,09,62510,Pas-de-Calais,Hauts-de-France,Lille,99,SANS OBJET,115,Ouvert,,NON,121,122,
2.72239342519678,50.4578127943333,GEORGE SAND,14,0621573Y,Ecole primaire George Sand,ECOLE PRIMAIRE PUBLIQUE,Public,66 boulevard de la Loire, , ,62160,BULLY LES MINES,BULLY-LES-MINES,680257.5,7040074.7,EPSG:2154,50.45781279,2.72239343,Parfaite,Numéro de rue,151,ECOLE DE NIVEAU ELEMENTAIRE,1,OUVERT,62,32,09,62186,Pas-de-Calais,Hauts-de-France,Lille,99,SANS OBJET,120,Ouvert,,NON,110,108,
2.82242257037957,50.4360963641769,SAINT PAUL,15,0622114L,Lycée polyvalent privé Saint Paul,LYCEE POLYVALENT PRIVE,Privé,38 route DE LA BASSEE, ,17,62301,LENS CEDEX,LENS,687365.8,7037635,EPSG:2154,50.43609636,2.82242257,Parfaite,Numéro de rue,306,LYCEE POLYVALENT,1,OUVERT,62,32,09,62498,Pas-de-Calais,Hauts-de-France,Lille,30,CONTRAT D'ASSOCIATION TOUTES CLASSES,1086,Ouvert,,OUI,1131,1233,
2.87731089667798,50.4420679572693,EMILE ZOLA,16,0622282U,Ecole maternelle Emile Zola,ECOLE MATERNELLE PUBLIQUE,Public,Rue de Château Salins, , ,62440,HARNES,HARNES,691272,7038292.8,EPSG:2154,50.44206796,2.8773109,Parfaite,Numéro de rue,101,ECOLE MATERNELLE,1,OUVERT,62,32,09,62413,Pas-de-Calais,Hauts-de-France,Lille,99,SANS OBJET,93,Ouvert,,NON,89,79,
2.68239083489299,50.4442954639725,JEAN ROSTAND,17,0622578R,Collège Jean Rostand,COLLEGE,Public,12 boulevard des Sports, ,17,62114,SAINS EN GOHELLE,SAINS-EN-GOHELLE,677406.6,7038579.6,EPSG:2154,50.44429546,2.68239083,Parfaite,Numéro de rue,340,COLLEGE,1,OUVERT,62,32,09,62737,Pas-de-Calais,Hauts-de-France,Lille,99,SANS OBJET,319,Ouvert,,NON,329,323,
2.66881892036868,50.4212743800139,SAINTE-THÉRÈSE,18,0622620L,Ecole primaire privée Sainte-Thérèse,ECOLE PRIMAIRE PRIVEE,Privé,2 rue Maurice Gouy, , ,62172,BOUVIGNY BOYEFFLES,BOUVIGNY-BOYEFFLES,676430.4,7036019.1,EPSG:2154,50.42127438,2.66881892,Parfaite,Numéro de rue,151,ECOLE DE NIVEAU ELEMENTAIRE,1,OUVERT,62,32,09,62170,Pas-de-Calais,Hauts-de-France,Lille,30,CONTRAT D'ASSOCIATION TOUTES CLASSES,321,Ouvert,,NON,332,313,
2.83995729741875,50.396893098391,SUZANNE LANOY,19,0622783N,Ecole maternelle Suzanne Lanoy,ECOLE MATERNELLE PUBLIQUE,Public,6 rue Baudin, , ,62210,AVION,AVION,688604.5,7033265.3,EPSG:2154,50.3968931,2.8399573,Parfaite,Numéro de rue,101,ECOLE MATERNELLE,1,OUVERT,62,32,09,62065,Pas-de-Calais,Hauts-de-France,Lille,99,SANS OBJET,82,Ouvert,,NON,71,69,
2.77202166092385,50.4199054263929,MARIE LIETARD,20,0622925T,Ecole primaire Marie Liétard,ECOLE PRIMAIRE PUBLIQUE,Public,Rue Marie Lietard, , ,62800,LIEVIN,LIEVIN,683774.7,7035840.6,EPSG:2154,50.41990543,2.77202166,Parfaite,Numéro de rue,151,ECOLE DE NIVEAU ELEMENTAIRE,1,OUVERT,62,32,09,62510,Pas-de-Calais,Hauts-de-France,Lille,99,SANS OBJET,134,Ouvert,,NON,137,142,
2.76455077515547,50.4524316658939,ARTHUR LAMENDIN,21,0622927V,Ecole primaire Arthur Lamendin,ECOLE PRIMAIRE PUBLIQUE,Public,55 rue Héros de la Résistance, , ,62750,LOOS EN GOHELLE,LOOS-EN-GOHELLE,683253.8,7039465.5,EPSG:2154,50.45243167,2.76455077,Parfaite,Numéro de rue,151,ECOLE DE NIVEAU ELEMENTAIRE,1,OUVERT,62,32,09,62528,Pas-de-Calais,Hauts-de-France,Lille,99,SANS OBJET,74,Ouvert,,NON,72,63,
2.920813311686,50.4158935486803,CLG DAVID MARCELLE,22,0622942L,Section d'enseignement général et professionnel adapté du Collège David Marcelle,SEGPA,Public,5 rue du Collège, , ,62420,BILLY MONTIGNY,BILLY-MONTIGNY,694363.8,7035373.1,EPSG:2154,50.41589355,2.92081331,Parfaite,Numéro de rue,390,SECTION ENSEIGNT GEN. ET PROF. ADAPTE,1,OUVERT,62,32,09,62133,Pas-de-Calais,Hauts-de-France,Lille,99,SANS OBJET,0,Ouvert,,NON,0,0,
2.75132226159364,50.4517702266952,FERDINAND BUISSON,23,0622964K,Ecole primaire Ferdinand Buisson,ECOLE PRIMAIRE PUBLIQUE,Public,Boulevard Saint-Louis,CITE 5, ,62160,GRENAY,GRENAY,682312.7,7039394.7,EPSG:2154,50.45177023,2.75132226,Parfaite,Numéro de rue,151,ECOLE DE NIVEAU ELEMENTAIRE,1,OUVERT,62,32,09,62386,Pas-de-Calais,Hauts-de-France,Lille,99,SANS OBJET,205,Ouvert,,NON,200,198,
2.72152410548379,50.4728886878672,VICTOIRE LAMPIN,24,0622977Z,Ecole maternelle Victoire Lampin,ECOLE MATERNELLE PUBLIQUE,Public,5 impasse Raoul Briquet, , ,62670,MAZINGARBE,MAZINGARBE,680201.6,7041754.4,EPSG:2154,50.47288869,2.7215241,Parfaite,Numéro de rue,101,ECOLE MATERNELLE,1,OUVERT,62,32,09,62563,Pas-de-Calais,Hauts-de-France,Lille,99,SANS OBJET,148,Ouvert,,NON,138,132,
2.74013062204971,50.3909608306499,ONESIME BRASSART,25,0623072C,Ecole maternelle Onésime Brassart,ECOLE MATERNELLE PUBLIQUE,Public,Rue Pierre Brossolette, , ,62153,SOUCHEZ,SOUCHEZ,681494.4,7032623.4,EPSG:2154,50.39096083,2.74013062,Parfaite,Numéro de rue,101,ECOLE MATERNELLE,1,OUVERT,62,32,09,62801,Pas-de-Calais,Hauts-de-France,Lille,99,SANS OBJET,90,Ouvert,,NON,83,80,
2.89842239044524,50.4235543394775,JULES FERRY,26,0623079K,Ecole maternelle Jules Ferry,ECOLE MATERNELLE PUBLIQUE,Public,Rue du Général Leclerc, , ,62740,FOUQUIERES LES LENS,FOUQUIERES-LES-LENS,692771.2,7036228.3,EPSG:2154,50.42355434,2.89842239,Parfaite,Numéro de rue,101,ECOLE MATERNELLE,1,OUVERT,62,32,09,62351,Pas-de-Calais,Hauts-de-France,Lille,99,SANS OBJET,103,Ouvert,,NON,116,124,
2.86513102824301,50.4954892402492,CLG LEON BLUM,27,0623113X,Section d'enseignement général et professionnel adapté du Collège Léon Blum,SEGPA,Public,Rue Albert Camus, ,49,62410,WINGLES,WINGLES,690415.7,7044245.5,EPSG:2154,50.49548924,2.86513103,Parfaite,Numéro de rue,390,SECTION ENSEIGNT GEN. ET PROF. ADAPTE,1,OUVERT,62,32,09,62895,Pas-de-Calais,Hauts-de-France,Lille,99,SANS OBJET,0,Ouvert,,NON,0,0,
2.86344677676858,50.4710370116015,SUZANNE LACORE,28,0623178T,Ecole maternelle Suzanne Lacore,ECOLE MATERNELLE PUBLIQUE,Public, ,RESIDENCE DE L'ABBAYE, ,62880,VENDIN LE VIEIL,VENDIN-LE-VIEIL,690291.3,7041521.6,EPSG:2154,50.47103701,2.86344678,Parfaite,Numéro de rue,101,ECOLE MATERNELLE,1,OUVERT,62,32,09,62842,Pas-de-Calais,Hauts-de-France,Lille,99,SANS OBJET,85,Ouvert,,NON,81,73,
2.81484663574409,50.4388079247864,SOPHIE BERTHELOT,29,0623256C,Ecole maternelle Sophie Berthelot,ECOLE MATERNELLE PUBLIQUE,Public,6 rue Auguste Lefèbvre, , ,62300,LENS,LENS,686827.5,7037938.3,EPSG:2154,50.43880793,2.81484664,Parfaite,Numéro de rue,101,ECOLE MATERNELLE,1,OUVERT,62,32,09,62498,Pas-de-Calais,Hauts-de-France,Lille,99,SANS OBJET,72,Ouvert,,NON,76,78,
2.86568346980074,50.4133835039257,CLG PAUL LANGEVIN,30,0623339T,Section d'enseignement général et professionnel adapté du Collège Paul Langevin,SEGPA,Public,Rue JULES MATTEZ, , ,62430,SALLAUMINES,SALLAUMINES,690439.4,7035098.8,EPSG:2154,50.4133835,2.86568347,Parfaite,Numéro de rue,390,SECTION ENSEIGNT GEN. ET PROF. ADAPTE,1,OUVERT,62,32,09,62771,Pas-de-Calais,Hauts-de-France,Lille,99,SANS OBJET,0,Ouvert,,NON,0,0,
2.75434556680998,50.4265711177512,FRANCOIS HENNEBIQUE,31,0623377J,Lycée professionnel du bâtiment François Hennebique,LYCEE PROFESSIONNEL,Public,RUE COLBERT, ,219,62804,LIEVIN CEDEX,LIEVIN,682519,7036586.9,EPSG:2154,50.42657112,2.75434557,Parfaite,Numéro de rue,320,LYCEE PROFESSIONNEL,1,OUVERT,62,32,09,62510,Pas-de-Calais,Hauts-de-France,Lille,99,SANS OBJET,321,Ouvert,,NON,341,328,
2.79732626196745,50.4267837181036,JEAN JAURES,32,0623474P,Ecole primaire Jean Jaurès,ECOLE PRIMAIRE PUBLIQUE,Public,Rue du Limousin, , ,62800,LIEVIN,LIEVIN,685577.6,7036601.9,EPSG:2154,50.42678372,2.79732626,Parfaite,Numéro de rue,151,ECOLE DE NIVEAU ELEMENTAIRE,1,OUVERT,62,32,09,62510,Pas-de-Calais,Hauts-de-France,Lille,99,SANS OBJET,83,Ouvert,,NON,83,87,
2.87783167562885,50.4620980405227,JULIETTE WANTIEZ,33,0623500T,Ecole primaire Juliette Wantiez,ECOLE PRIMAIRE PUBLIQUE,Public,Place Roger Salengro, , ,62880,ANNAY,ANNAY,691312.5,7040524.1,EPSG:2154,50.46209804,2.87783168,Parfaite,Numéro de rue,151,ECOLE DE NIVEAU ELEMENTAIRE,1,OUVERT,62,32,09,62033,Pas-de-Calais,Hauts-de-France,Lille,99,SANS OBJET,217,Ouvert,,NON,215,206,
2.87795563072105,50.4190347436547,EMILE BASLY,34,0623556D,Ecole primaire Emile Basly,ECOLE PRIMAIRE PUBLIQUE,Public,80 impasse Parisse, , ,62430,SALLAUMINES,SALLAUMINES,691313.9,7035726.9,EPSG:2154,50.41903474,2.87795563,Parfaite,Numéro de rue,151,ECOLE DE NIVEAU ELEMENTAIRE,1,OUVERT,62,32,09,62771,Pas-de-Calais,Hauts-de-France,Lille,99,SANS OBJET,315,Ouvert,,NON,311,288,
2.87523258235391,50.4304184302646,JEAN ROSTAND,35,0623776T,Ecole primaire Jean Rostand,ECOLE PRIMAIRE PUBLIQUE,Public,18 rue de la République, , ,62221,NOYELLES SOUS LENS,NOYELLES-SOUS-LENS,691122.1,7036995.3,EPSG:2154,50.43041843,2.87523258,Parfaite,Numéro de rue,151,ECOLE DE NIVEAU ELEMENTAIRE,1,OUVERT,62,32,09,62628,Pas-de-Calais,Hauts-de-France,Lille,99,SANS OBJET,245,Ouvert,,NON,250,252,
2.88682626925635,50.4256888665376,JEAN MOULIN,36,0623940W,Ecole primaire Jean Moulin,ECOLE PRIMAIRE PUBLIQUE,Public,Rue Jean Moulin, , ,62221,NOYELLES SOUS LENS,NOYELLES-SOUS-LENS,691946.3,7036467.2,EPSG:2154,50.42568887,2.88682627,Parfaite,Numéro de rue,151,ECOLE DE NIVEAU ELEMENTAIRE,1,OUVERT,62,32,09,62628,Pas-de-Calais,Hauts-de-France,Lille,99,SANS OBJET,360,Ouvert,,NON,359,365,
2.77410587445992,50.4364304605799,PIERRE BROSSOLETTE,37,0624117N,Ecole primaire Pierre Brossolette,ECOLE PRIMAIRE PUBLIQUE,Public,Rue Bizet, ,97,62800,LIEVIN,LIEVIN,683928.3,7037681,EPSG:2154,50.43643046,2.77410587,Parfaite,Numéro de rue,151,ECOLE DE NIVEAU ELEMENTAIRE,1,OUVERT,62,32,09,62510,Pas-de-Calais,Hauts-de-France,Lille,99,SANS OBJET,217,Ouvert,,NON,230,239,
2.84285022580119,50.4077889367289,DU RC LENS,38,0624394P,Lycée technologique privé hors contrat du RC LENS d'AVION,ECOLE TECHNOLOGIQUE PRIVEE,Privé,33 rue ARTHUR LAMENDIN,LA GAILLETTE,23,62210,AVION,AVION,688812.9,7034478.6,EPSG:2154,50.40778894,2.84285023,Parfaite,Numéro de rue,301,LYCEE D ENSEIGNEMENT TECHNOLOGIQUE,1,OUVERT,62,32,09,62065,Pas-de-Calais,Hauts-de-France,Lille,10,HORS CONTRAT,0,Fermé,2019/08/31 00:00:00+00,NON,0,0,
2.83417511318853,50.4029101414737,PABLO PICASSO,39,0620027T,Lycée polyvalent Pablo Picasso,LYCEE POLYVALENT,Public,2 boulevard Anatole France, ,67,62210,AVION,AVION,688194.2,7033936.4,EPSG:2154,50.40291014,2.83417511,Parfaite,Numéro de rue,306,LYCEE POLYVALENT,1,OUVERT,62,32,09,62065,Pas-de-Calais,Hauts-de-France,Lille,99,SANS OBJET,551,Ouvert,,NON,450,452,
2.71239555224428,50.4378840329967,LEO LAGRANGE,40,0620059C,"Lycée professionnel Léo Lagrange - Lycée des Métiers de la personne, santé, social",LP LYCEE DES METIERS,Public,Rue VICTOR SCHOELCHER, ,109,62160,BULLY LES MINES,BULLY-LES-MINES,679538.4,7037857.2,EPSG:2154,50.43788403,2.71239555,Parfaite,Numéro de rue,320,LYCEE PROFESSIONNEL,1,OUVERT,62,32,09,62186,Pas-de-Calais,Hauts-de-France,Lille,99,SANS OBJET,1026,Ouvert,,NON,993,967,
2.76932715923015,50.4115104063268,HENRI DARRAS,41,0620113L,Lycée général et technologique Henri Darras - Lycée des Métiers de la Chaudronnerie Industrielle,LGT LYCEE DES METIERS,Public,Chemin des Manufactures, ,134,62803,LIEVIN CEDEX,LIEVIN,683580.2,7034906,EPSG:2154,50.41151041,2.76932716,Parfaite,Numéro de rue,300,LYCEE ENSEIGNT GENERAL ET TECHNOLOGIQUE,1,OUVERT,62,32,09,62510,Pas-de-Calais,Hauts-de-France,Lille,99,SANS OBJET,1178,Ouvert,,NON,1203,1256,
2.79572407106206,50.4570166867957,RENE CASSIN,42,0620123X,Collège René Cassin,COLLEGE,Public,90 rue René Cassin, , ,62750,LOOS EN GOHELLE,LOOS-EN-GOHELLE,685472.3,7039970.1,EPSG:2154,50.45701669,2.79572407,Parfaite,Numéro de rue,340,COLLEGE,1,OUVERT,62,32,09,62528,Pas-de-Calais,Hauts-de-France,Lille,99,SANS OBJET,339,Ouvert,,NON,329,327,
2.72426238604836,50.4366973953184,ANITA CONTI,43,0620197C,Collège Anita Conti,COLLEGE,Public,RUE JULES VERNE, ,119,62160,BULLY LES MINES,BULLY-LES-MINES,680382.2,7037722,EPSG:2154,50.4366974,2.72426239,Parfaite,Numéro de rue,340,COLLEGE,1,OUVERT,62,32,09,62186,Pas-de-Calais,Hauts-de-France,Lille,99,SANS OBJET,654,Ouvert,,NON,625,619,
2.81422596625439,50.4077357488685,ANDRE PARENT,44,0620267D,Ecole maternelle André Parent,ECOLE MATERNELLE PUBLIQUE,Public,Boulevard Henri Martel, , ,62210,AVION,AVION,686775.2,7034477.1,EPSG:2154,50.40773575,2.81422597,Parfaite,Numéro de rue,101,ECOLE MATERNELLE,1,OUVERT,62,32,09,62065,Pas-de-Calais,Hauts-de-France,Lille,99,SANS OBJET,100,Ouvert,,NON,92,97,
2.82868509987851,50.411009975288,JEAN LURCAT,45,0620268E,Ecole maternelle Jean Lurçat,ECOLE MATERNELLE PUBLIQUE,Public,28 rue Marcel Dandre, , ,62210,AVION,AVION,687805.3,7034839.5,EPSG:2154,50.41100998,2.8286851,Parfaite,Numéro de rue,101,ECOLE MATERNELLE,1,OUVERT,62,32,09,62065,Pas-de-Calais,Hauts-de-France,Lille,99,SANS OBJET,141,Ouvert,,NON,133,115,
2.82984287470987,50.4305321549063,CELINE ROUQUIE,46,0620297L,Ecole maternelle Céline Rouquié,ECOLE MATERNELLE PUBLIQUE,Public,43 rue Eugène Bar, , ,62300,LENS,LENS,687892.4,7037014,EPSG:2154,50.43053215,2.82984288,Parfaite,Numéro de rue,101,ECOLE MATERNELLE,1,OUVERT,62,32,09,62498,Pas-de-Calais,Hauts-de-France,Lille,99,SANS OBJET,173,Ouvert,,NON,175,154,
2.80575589026742,50.4258465901192,ALFRED MAES,47,0620301R,Ecole maternelle Alfred Maës,ECOLE MATERNELLE PUBLIQUE,Public,301 avenue Alfred Maes, , ,62300,LENS,LENS,686177.2,7036496,EPSG:2154,50.42584659,2.80575589,Parfaite,Numéro de rue,101,ECOLE MATERNELLE,1,OUVERT,62,32,09,62498,Pas-de-Calais,Hauts-de-France,Lille,99,SANS OBJET,59,Ouvert,,NON,54,61,
2.77572673871186,50.4354208208964,CELESTIN FREINET,48,0620303T,Ecole maternelle Célestin Freinet,ECOLE MATERNELLE PUBLIQUE,Public,Rue Claude Debussy, ,112,62800,LIEVIN,LIEVIN,684043.3,7037568.2,EPSG:2154,50.43542082,2.77572674,Parfaite,Numéro de rue,101,ECOLE MATERNELLE,1,OUVERT,62,32,09,62510,Pas-de-Calais,Hauts-de-France,Lille,99,SANS OBJET,117,Ouvert,,NON,121,110,
2.75314199345724,50.4252706455728,ARTHUR LAMENDIN,49,0620305V,Ecole maternelle Arthur Lamendin,ECOLE MATERNELLE PUBLIQUE,Public,102 rue Jules Ferry, , ,62800,LIEVIN,LIEVIN,682432.9,7036442.3,EPSG:2154,50.42527065,2.75314199,Parfaite,Numéro de rue,101,ECOLE MATERNELLE,1,OUVERT,62,32,09,62510,Pas-de-Calais,Hauts-de-France,Lille,99,SANS OBJET,159,Ouvert,,NON,148,150,
2.86589171577733,50.4370479443066,HENRI MATISSE,50,0620312C,Ecole maternelle Henri Matisse,ECOLE MATERNELLE PUBLIQUE,Public,87 rue Basly, , ,62218,LOISON SOUS LENS,LOISON-SOUS-LENS,690458.7,7037734.9,EPSG:2154,50.43704794,2.86589172,Parfaite,Numéro de rue,101,ECOLE MATERNELLE,1,OUVERT,62,32,09,62523,Pas-de-Calais,Hauts-de-France,Lille,99,SANS OBJET,125,Ouvert,,NON,110,120,
2.88049543373419,50.4168881160597,SUZANNE LANNOY,51,0620318J,Ecole maternelle Suzanne Lanoy,ECOLE MATERNELLE PUBLIQUE,Public,1  AVENUE LE GENTIL, , ,62680,MERICOURT,MERICOURT,691494.3,7035487.5,EPSG:2154,50.41688812,2.88049543,Correcte,Ville,101,ECOLE MATERNELLE,1,OUVERT,62,32,09,62570,Pas-de-Calais,Hauts-de-France,Lille,99,SANS OBJET,116,Ouvert,,NON,122,131,
2.87268952965082,50.4290387780091,EMILE BASLY,52,0620321M,Ecole maternelle Emile Basly,ECOLE MATERNELLE PUBLIQUE,Public,Rue Emile Basly, , ,62221,NOYELLES SOUS LENS,NOYELLES-SOUS-LENS,690940.9,7036841.9,EPSG:2154,50.42903878,2.87268953,Parfaite,Numéro de rue,101,ECOLE MATERNELLE,1,OUVERT,62,32,09,62628,Pas-de-Calais,Hauts-de-France,Lille,99,SANS OBJET,80,Ouvert,,NON,76,78,
2.86062836126069,50.4185729516891,DU CENTRE,53,0620323P,Ecole maternelle du Centre,ECOLE MATERNELLE PUBLIQUE,Public,Rue Seraphin Cordier, , ,62430,SALLAUMINES,SALLAUMINES,690080.6,7035677.5,EPSG:2154,50.41857295,2.86062836,Parfaite,Numéro de rue,101,ECOLE MATERNELLE,1,OUVERT,62,32,09,62771,Pas-de-Calais,Hauts-de-France,Lille,99,SANS OBJET,157,Ouvert,,NON,129,142,
2.812224092342,50.3730358562142,PAULINE KERGOMARD,54,0620327U,Ecole maternelle Pauline Kergomard,ECOLE MATERNELLE PUBLIQUE,Public,Rue de la Gare, , ,62580,VIMY,VIMY,686623.5,7030612.2,EPSG:2154,50.37303586,2.81222409,Parfaite,Numéro de rue,101,ECOLE MATERNELLE,1,OUVERT,62,32,09,62861,Pas-de-Calais,Hauts-de-France,Lille,99,SANS OBJET,129,Ouvert,,NON,121,101,
2.78750411864197,50.4569678292048,EMILIENNE MOREAU,55,0620367M,Ecole maternelle Emilienne Moreau,ECOLE MATERNELLE PUBLIQUE,Public,4 rue Alexandre Maniez, , ,62750,LOOS EN GOHELLE,LOOS-EN-GOHELLE,684887.7,7039966.2,EPSG:2154,50.45696783,2.78750412,Parfaite,Numéro de rue,101,ECOLE MATERNELLE,1,OUVERT,62,32,09,62528,Pas-de-Calais,Hauts-de-France,Lille,99,SANS OBJET,109,Ouvert,,NON,103,114,
2.68628711867238,50.4491214439331,JEAN DE LA FONTAINE,56,0620372T,Ecole maternelle Jean de La Fontaine,ECOLE MATERNELLE PUBLIQUE,Public,Boulevard du Général Leclerc, , ,62114,SAINS EN GOHELLE,SAINS-EN-GOHELLE,677685.9,7039116.1,EPSG:2154,50.44912144,2.68628712,Correcte,Rue,101,ECOLE MATERNELLE,1,OUVERT,62,32,09,62737,Pas-de-Calais,Hauts-de-France,Lille,99,SANS OBJET,147,Ouvert,,NON,133,123,
2.86699016113902,50.4959319775942,LEON BLUM,57,0620377Y,Ecole maternelle Léon Blum,ECOLE MATERNELLE PUBLIQUE,Public,Rue Albert Camus, , ,62410,WINGLES,WINGLES,690547.9,7044294.6,EPSG:2154,50.49593198,2.86699016,Parfaite,Numéro de rue,101,ECOLE MATERNELLE,1,OUVERT,62,32,09,62895,Pas-de-Calais,Hauts-de-France,Lille,99,SANS OBJET,57,Ouvert,,NON,65,71,
2.85323495106072,50.4958724513265,JULES FERRY,58,0621538K,Ecole primaire Jules Ferry,ECOLE PRIMAIRE PUBLIQUE,Public,Place du Champ de Foire, , ,62410,WINGLES,WINGLES,689570.4,7044289.7,EPSG:2154,50.49587245,2.85323495,Parfaite,Numéro de rue,151,ECOLE DE NIVEAU ELEMENTAIRE,1,OUVERT,62,32,09,62895,Pas-de-Calais,Hauts-de-France,Lille,99,SANS OBJET,231,Ouvert,,NON,221,227,
2.75283385177975,50.4256380870894,JEAN MACE MIXTE,59,0621560J,Ecole élémentaire spécialisée Jean Macé,ECOLE ELEMENTAIRE SPECIALISEE,Public,104 rue Jules Ferry, , ,62800,LIEVIN,LIEVIN,682411.1,7036483.3,EPSG:2154,50.42563809,2.75283385,Parfaite,Numéro de rue,162,ECOLE DE NIVEAU ELEMENTAIRE SPECIALISEE,1,OUVERT,62,32,09,62510,Pas-de-Calais,Hauts-de-France,Lille,99,SANS OBJET,142,Ouvert,,NON,153,152,
2.75213834902557,50.4259051067901,JEAN DE LA FONTAINE,60,0621561K,Ecole primaire Jean de La Fontaine,ECOLE PRIMAIRE PUBLIQUE,Public,106 rue Jules Ferry, , ,62800,LIEVIN,LIEVIN,682361.7,7036513.2,EPSG:2154,50.42590511,2.75213835,Parfaite,Numéro de rue,151,ECOLE DE NIVEAU ELEMENTAIRE,1,OUVERT,62,32,09,62510,Pas-de-Calais,Hauts-de-France,Lille,99,SANS OBJET,183,Ouvert,,NON,190,186,
2.81716164911993,50.4830082474829,JEAN CLAUDE CASADESUS,61,0622246E,Ecole maternelle Jean-Claude Casadesus,ECOLE MATERNELLE PUBLIQUE,Public,Rue Pierre Malvoisin, , ,62410,HULLUCH,HULLUCH,687003.6,7042861.9,EPSG:2154,50.48300825,2.81716165,Parfaite,Numéro de rue,101,ECOLE MATERNELLE,1,OUVERT,62,32,09,62464,Pas-de-Calais,Hauts-de-France,Lille,99,SANS OBJET,95,Ouvert,,NON,102,98,
2.82693183763178,50.4298593325295,MICHELET,62,0622417R,Collège Michelet,COLLEGE,Public,33 boulevard Basly, ,137,62303,LENS CEDEX,LENS,687685.1,7036939.5,EPSG:2154,50.42985933,2.82693184,Moyenne,Numéro de rue,340,COLLEGE,1,OUVERT,62,32,09,62498,Pas-de-Calais,Hauts-de-France,Lille,99,SANS OBJET,455,Ouvert,,NON,449,432,
2.8385189021172,50.3982880990861,PAUL LANGEVIN,63,0622420U,Collège Paul Langevin,COLLEGE,Public,2 rue Paul Eluard, , ,62210,AVION,AVION,688502.4,7033420.9,EPSG:2154,50.3982881,2.8385189,Parfaite,Numéro de rue,340,COLLEGE,1,OUVERT,62,32,09,62065,Pas-de-Calais,Hauts-de-France,Lille,99,SANS OBJET,473,Ouvert,,NON,495,480,
2.83811336126831,50.3981780454018,CLG PAUL LANGEVIN,64,0622421V,Section d'enseignement général et professionnel adapté du Collège Paul Langevin,SEGPA,Public,2 rue BARBES, , ,62210,AVION,AVION,688473.5,7033408.7,EPSG:2154,50.39817805,2.83811336,Parfaite,Numéro de rue,390,SECTION ENSEIGNT GEN. ET PROF. ADAPTE,1,OUVERT,62,32,09,62065,Pas-de-Calais,Hauts-de-France,Lille,99,SANS OBJET,0,Ouvert,,NON,0,0,
2.73782990341495,50.4510825743639,LANGEVIN-WALLON,65,0622424Y,Collège Langevin-Wallon,COLLEGE,Public,Place DANIEL BRETON, , ,62160,GRENAY,GRENAY,681352.8,7039321.2,EPSG:2154,50.45108257,2.7378299,Parfaite,Numéro de rue,340,COLLEGE,1,OUVERT,62,32,09,62386,Pas-de-Calais,Hauts-de-France,Lille,99,SANS OBJET,451,Ouvert,,NON,475,481,
2.89065466968364,50.4941581302156,LES TAMARIS,66,0622519B,Ecole maternelle Les Tamaris,ECOLE MATERNELLE PUBLIQUE,Public,Place Jean Jaurès, , ,62410,MEURCHIN,MEURCHIN,692229.3,7044094.4,EPSG:2154,50.49415813,2.89065467,Parfaite,Numéro de rue,101,ECOLE MATERNELLE,1,OUVERT,62,32,09,62573,Pas-de-Calais,Hauts-de-France,Lille,99,SANS OBJET,165,Ouvert,,NON,156,144,
2.75356286603013,50.4107438433562,JEAN VILAR,67,0622579S,Collège Jean Vilar,COLLEGE,Public,11 rue DU MARECHAL JOFFRE, ,1,62143,ANGRES,ANGRES,682457.8,7034824,EPSG:2154,50.41074384,2.75356287,Parfaite,Numéro de rue,340,COLLEGE,1,OUVERT,62,32,09,62032,Pas-de-Calais,Hauts-de-France,Lille,99,SANS OBJET,537,Ouvert,,NON,542,516,
2.92109682306771,50.4160804534592,DAVID MARCELLE,68,0622793Z,Collège David Marcelle,COLLEGE,Public,5 rue du Collège, , ,62420,BILLY MONTIGNY,BILLY-MONTIGNY,694384,7035393.9,EPSG:2154,50.41608045,2.92109682,Parfaite,Numéro de rue,340,COLLEGE,1,OUVERT,62,32,09,62133,Pas-de-Calais,Hauts-de-France,Lille,99,SANS OBJET,524,Ouvert,,NON,523,522,
2.79889547998882,50.4381815619457,CLG JEAN JAURES,69,0622886A,Section d'enseignement général et professionnel adapté du Collège Jean Jaurès,SEGPA,Public,Rue MARGUERITE YOURCENAR, ,293,62305,LENS CEDEX,LENS,685692.5,7037871.3,EPSG:2154,50.43818156,2.79889548,Parfaite,Numéro de rue,390,SECTION ENSEIGNT GEN. ET PROF. ADAPTE,1,OUVERT,62,32,09,62498,Pas-de-Calais,Hauts-de-France,Lille,99,SANS OBJET,0,Ouvert,,NON,0,0,
2.81441657119669,50.42542541072,VOLTAIRE,70,0622902T,Ecole maternelle Voltaire,ECOLE MATERNELLE PUBLIQUE,Public,Rue Saint-Valentin Cité 5, , ,62300,LENS,LENS,686793.4,7036447.6,EPSG:2154,50.42542541,2.81441657,Correcte,Rue,101,ECOLE MATERNELLE,1,OUVERT,62,32,09,62498,Pas-de-Calais,Hauts-de-France,Lille,99,SANS OBJET,73,Ouvert,,NON,68,61,
2.71265675599199,50.3927807463798, ,71,0622990N,Ecole primaire,ECOLE PRIMAIRE PUBLIQUE,Public,Place de la Mairie, , ,62153,ABLAIN ST NAZAIRE,ABLAIN-SAINT-NAZAIRE,679538.7,7032832.9,EPSG:2154,50.39278075,2.71265676,Parfaite,Numéro de rue,151,ECOLE DE NIVEAU ELEMENTAIRE,1,OUVERT,62,32,09,62001,Pas-de-Calais,Hauts-de-France,Lille,99,SANS OBJET,178,Ouvert,,NON,181,181,
2.87376077120624,50.4277651516771,PIERRE BROSSOLETTE,72,0623016S,Collège Pierre Brossolette,COLLEGE,Public,105 rue Victor Hugo, , ,62221,NOYELLES SOUS LENS,NOYELLES-SOUS-LENS,691016.9,7036699.9,EPSG:2154,50.42776515,2.87376077,Parfaite,Numéro de rue,340,COLLEGE,1,OUVERT,62,32,09,62628,Pas-de-Calais,Hauts-de-France,Lille,99,SANS OBJET,332,Ouvert,,NON,346,357,
2.91832957009038,50.4287649604018,JACQUES PREVERT,73,0623052F,Ecole maternelle Jacques Prévert,ECOLE MATERNELLE PUBLIQUE,Public,Rue Danielle Casanova, , ,62740,FOUQUIERES LES LENS,FOUQUIERES-LES-LENS,694188.5,7036807.1,EPSG:2154,50.42876496,2.91832957,Parfaite,Rue,101,ECOLE MATERNELLE,1,OUVERT,62,32,09,62351,Pas-de-Calais,Hauts-de-France,Lille,99,SANS OBJET,130,Ouvert,,NON,112,137,
2.81847042462952,50.4832839498998,PAUL THELLIER - CENTRE,74,0623057L,Ecole primaire Paul Thellier - Centre,ECOLE PRIMAIRE PUBLIQUE,Public,Rue Pierre Malvoisin, , ,62410,HULLUCH,HULLUCH,687096.7,7042892.4,EPSG:2154,50.48328395,2.81847043,Parfaite,Numéro de rue,151,ECOLE DE NIVEAU ELEMENTAIRE,1,OUVERT,62,32,09,62464,Pas-de-Calais,Hauts-de-France,Lille,99,SANS OBJET,170,Ouvert,,NON,156,167,
2.81848208850732,50.4214725851891,JULES FASSIAUX,75,0623149L,Ecole primaire Jules Fassiaux,ECOLE PRIMAIRE PUBLIQUE,Public,Impasse Fassiaux, , ,62300,ELEU DIT LEAUWETTE,ELEU-DIT-LEAUWETTE,687081.7,7036006.6,EPSG:2154,50.42147259,2.81848209,Parfaite,Numéro de rue,151,ECOLE DE NIVEAU ELEMENTAIRE,1,OUVERT,62,32,09,62291,Pas-de-Calais,Hauts-de-France,Lille,99,SANS OBJET,102,Ouvert,,NON,99,91,
2.76595405167249,50.4257587829152,VERONESE,76,0623160Y,Ecole maternelle Véronèse,ECOLE MATERNELLE PUBLIQUE,Public,RÉSIDENCE VERONESE,LES MARICHELLES, ,62800,LIEVIN,LIEVIN,683344.8,7036493.9,EPSG:2154,50.42575878,2.76595405,Parfaite,Numéro de rue,101,ECOLE MATERNELLE,1,OUVERT,62,32,09,62510,Pas-de-Calais,Hauts-de-France,Lille,99,SANS OBJET,121,Ouvert,,NON,104,93,
2.71016417647854,50.464175165001,MARIE CURIE,77,0623162A,Ecole maternelle Marie Curie,ECOLE MATERNELLE PUBLIQUE,Public,Rue de la Somme, , ,62670,MAZINGARBE,MAZINGARBE,679390.4,7040786.6,EPSG:2154,50.46417517,2.71016418,Parfaite,Numéro de rue,101,ECOLE MATERNELLE,1,OUVERT,62,32,09,62563,Pas-de-Calais,Hauts-de-France,Lille,99,SANS OBJET,127,Ouvert,,NON,117,112,
2.73669617473967,50.4503763937789,CLG LANGEVIN-WALLON,78,0623340U,Section d'enseignement général et professionnel adapté du Collège Langevin-Wallon,SEGPA,Public,Place D BRETON, , ,62160,GRENAY,GRENAY,681271.9,7039242.8,EPSG:2154,50.45037639,2.73669618,Correcte,Rue,390,SECTION ENSEIGNT GEN. ET PROF. ADAPTE,1,OUVERT,62,32,09,62386,Pas-de-Calais,Hauts-de-France,Lille,99,SANS OBJET,0,Ouvert,,NON,0,0,
2.8506486365302,50.4132531358474,JOLIOT-CURIE,79,0623344Y,Ecole maternelle Joliot-Curie,ECOLE MATERNELLE PUBLIQUE,Public,2 rue ALEXANDRE GRESSIER, , ,62210,AVION,AVION,689369.2,7035086.2,EPSG:2154,50.41325314,2.85064864,Parfaite,Rue,101,ECOLE MATERNELLE,1,OUVERT,62,32,09,62065,Pas-de-Calais,Hauts-de-France,Lille,99,SANS OBJET,139,Ouvert,,NON,133,121,
2.77350831357231,50.3920338136253,JACQUES PREVERT,80,0623351F,Ecole maternelle Jacques Prévert,ECOLE MATERNELLE PUBLIQUE,Public,11 RUE DE L'EGALITE, , ,62580,GIVENCHY EN GOHELLE,GIVENCHY-EN-GOHELLE,683871.6,7032735.6,EPSG:2154,50.39203381,2.77350831,Parfaite,Numéro de rue,101,ECOLE MATERNELLE,1,OUVERT,62,32,09,62371,Pas-de-Calais,Hauts-de-France,Lille,99,SANS OBJET,79,Ouvert,,NON,79,71,
2.89313667831278,50.4604273170695,JOLIOT-CURIE,81,0623412X,Ecole primaire Joliot-Curie,ECOLE PRIMAIRE PUBLIQUE,Public,Cité Maréchal Leclerc, , ,62880,ANNAY,ANNAY,692400.6,7040336.4,EPSG:2154,50.46042732,2.89313668,Parfaite,Numéro de rue,151,ECOLE DE NIVEAU ELEMENTAIRE,1,OUVERT,62,32,09,62033,Pas-de-Calais,Hauts-de-France,Lille,99,SANS OBJET,169,Ouvert,,NON,160,155,
2.77325075445215,50.3918484055009,SEVIGNE-BUISSON,82,0623437Z,Ecole primaire Sévigné-Buisson,ECOLE PRIMAIRE PUBLIQUE,Public,Place Raoul Briquet, , ,62580,GIVENCHY EN GOHELLE,GIVENCHY-EN-GOHELLE,683853.2,7032715,EPSG:2154,50.39184841,2.77325075,Parfaite,Numéro de rue,151,ECOLE DE NIVEAU ELEMENTAIRE,1,OUVERT,62,32,09,62371,Pas-de-Calais,Hauts-de-France,Lille,99,SANS OBJET,113,Ouvert,,NON,102,105,
2.86410624915501,50.4184215221022,JEAN JAURES,83,0623506Z,Ecole primaire Jean Jaurès,ECOLE PRIMAIRE PUBLIQUE,Public,Rue du 10 Mars, , ,62430,SALLAUMINES,SALLAUMINES,690328.1,7035660.2,EPSG:2154,50.41842152,2.86410625,Parfaite,Numéro de rue,151,ECOLE DE NIVEAU ELEMENTAIRE,1,OUVERT,62,32,09,62771,Pas-de-Calais,Hauts-de-France,Lille,99,SANS OBJET,197,Ouvert,,NON,219,235,
2.86551404857555,50.4036816716814,COSETTE,84,0623539K,Ecole maternelle Cosette,ECOLE MATERNELLE PUBLIQUE,Public,Rue des Jacinthes, , ,62680,MERICOURT,MERICOURT,690425.5,7034018.1,EPSG:2154,50.40368167,2.86551405,Parfaite,Numéro de rue,101,ECOLE MATERNELLE,1,OUVERT,62,32,09,62570,Pas-de-Calais,Hauts-de-France,Lille,99,SANS OBJET,73,Ouvert,,NON,76,80,
2.8517060650179,50.4267926943572,EMILE ZOLA,85,0623554B,Ecole primaire Emile Zola,ECOLE PRIMAIRE PUBLIQUE,Public,Rue Filipic, , ,62430,SALLAUMINES,SALLAUMINES,689447.3,7036594.3,EPSG:2154,50.42679269,2.85170607,Parfaite,Numéro de rue,151,ECOLE DE NIVEAU ELEMENTAIRE,1,OUVERT,62,32,09,62771,Pas-de-Calais,Hauts-de-France,Lille,99,SANS OBJET,141,Ouvert,,NON,129,114,
2.77957721243447,50.4146639377011,LAMARTINE-MAISON POUR TOUS,86,0623849X,Ecole maternelle Lamartine-Maison Pour Tous,ECOLE MATERNELLE PUBLIQUE,Public,Rue Phècle Carpentier, , ,62800,LIEVIN,LIEVIN,684310.8,7035255.2,EPSG:2154,50.41466394,2.77957721,Parfaite,Numéro de rue,101,ECOLE MATERNELLE,1,OUVERT,62,32,09,62510,Pas-de-Calais,Hauts-de-France,Lille,99,SANS OBJET,153,Ouvert,,NON,139,147,
2.7964413024448,50.4395779299003,MAXIMILIEN DE ROBESPIERRE,87,0623864N,Lycée Professionnel Maximilien de Robespierre - Lycée des Métiers de l'Automobile,LP LYCEE DES METIERS,Public,89 rue Léon Blum, ,SP 12,62307,LENS CEDEX,LENS,685518.3,7038027.3,EPSG:2154,50.43957793,2.7964413,Correcte,Numéro de rue,320,LYCEE PROFESSIONNEL,1,OUVERT,62,32,09,62498,Pas-de-Calais,Hauts-de-France,Lille,99,SANS OBJET,658,Ouvert,,NON,661,619,
2.77735598292824,50.4251756938223,LEO LAGRANGE,88,0623979N,Ecole primaire Léo Lagrange,ECOLE PRIMAIRE PUBLIQUE,Public,7 bis rue Montgolfier, ,94,62800,LIEVIN,LIEVIN,684156,7036426.6,EPSG:2154,50.42517569,2.77735598,Parfaite,Numéro de rue,151,ECOLE DE NIVEAU ELEMENTAIRE,1,OUVERT,62,32,09,62510,Pas-de-Calais,Hauts-de-France,Lille,99,SANS OBJET,157,Ouvert,,NON,157,152,
2.9013093304682,50.4117042545219,SUZANNE LANOY,89,0624005S,Ecole primaire publique Suzanne Lanoy,ECOLE PRIMAIRE,Public,Rue Lucie Aubrac, , ,62420,BILLY MONTIGNY,BILLY-MONTIGNY,692975,7034908,EPSG:2154,50.41170425,2.90130933,Parfaite,Numéro de rue,151,ECOLE DE NIVEAU ELEMENTAIRE,1,OUVERT,62,32,09,62133,Pas-de-Calais,Hauts-de-France,Lille,99,SANS OBJET,258,Ouvert,,NON,228,215,
2.73688079672427,50.4427483480652,LES ALOUETTES,90,0624008V,Ecole primaire Les Alouettes,ECOLE PRIMAIRE PUBLIQUE,Public,Rue de Lorraine, , ,62160,BULLY LES MINES,BULLY-LES-MINES,681282.2,7038393,EPSG:2154,50.44274835,2.7368808,Parfaite,Rue,151,ECOLE DE NIVEAU ELEMENTAIRE,1,OUVERT,62,32,09,62186,Pas-de-Calais,Hauts-de-France,Lille,99,SANS OBJET,199,Ouvert,,NON,221,214,
2.79140757832845,50.4209271426245,FLOREAL-PRAIRIAL,91,0624145U,Ecole primaire Prairial-Floréal,ECOLE PRIMAIRE PUBLIQUE,Public,Rue Florent Evrard, , ,62800,LIEVIN,LIEVIN,685154.7,7035950.6,EPSG:2154,50.42092714,2.79140758,Parfaite,Rue,151,ECOLE DE NIVEAU ELEMENTAIRE,1,OUVERT,62,32,09,62510,Pas-de-Calais,Hauts-de-France,Lille,99,SANS OBJET,182,Ouvert,,NON,187,200,
2.83310741931996,50.4297268862191,JOE'S ART CONCEPT,92,0624366J,Lycée professionnel privé hors contrat Joe's Art Concept de LENS,ECOLE 2D DEGRE PROF.PRIVEE,Privé,6/10 rue FRANCOIS GAUTHIER, , ,62300,LENS,LENS,688124.5,7036923.8,EPSG:2154,50.42972689,2.83310742,Parfaite,Numéro de rue,320,LYCEE PROFESSIONNEL,1,OUVERT,62,32,09,62498,Pas-de-Calais,Hauts-de-France,Lille,10,HORS CONTRAT,0,Ouvert,,NON,0,0,
2.8174767941225,50.416986162967,NOTRE DAME,93,0624447X,Ecole primaire privée Notre Dame,ECOLE PRIMAIRE PRIVEE,Privé,20 rue Gabriel Péri, , ,62300,ELEU DIT LEAUWETTE,ELEU-DIT-LEAUWETTE,687009,7035507,EPSG:2154,50.41698616,2.81747679,Parfaite,Numéro de rue,151,ECOLE DE NIVEAU ELEMENTAIRE,1,OUVERT,62,32,09,62291,Pas-de-Calais,Hauts-de-France,Lille,10,HORS CONTRAT,0,Ouvert,,NON,0,0,
2.83444215183195,50.4298346089157,PRODUCTION AUTOMOBILE,94,0624474B,Ecole secondaire privée hors contrat de Production Automobile de Lens (EPAL),ECOLE TECHNOLOGIQUE PRIVEE,Privé,13 rue Diderot, , ,62300,LENS,LENS,688219.5,7036935.6,EPSG:2154,50.42983461,2.83444215,Correcte,Numéro de rue,301,LYCEE D ENSEIGNEMENT TECHNOLOGIQUE,1,OUVERT,62,32,09,62498,Pas-de-Calais,Hauts-de-France,Lille,10,HORS CONTRAT,0,Ouvert,,NON,0,0,
2.76765223112035,50.4125010418624,HENRI DARRAS,95,0620190V,Lycée professionnel Henri Darras - Lycée des Métiers de la Chaudronnerie Industrielle,LP LYCEE DES METIERS,Public,Chemin DES MANUFACTURES, ,134,62803,LIEVIN CEDEX,LIEVIN,683461.3,7035016.7,EPSG:2154,50.41250104,2.76765223,Parfaite,Numéro de rue,320,LYCEE PROFESSIONNEL,1,OUVERT,62,32,09,62510,Pas-de-Calais,Hauts-de-France,Lille,99,SANS OBJET,324,Ouvert,,NON,335,327,
2.7880464272805,50.419953697006,DANIELLE DARRAS RIAUMONT,96,0620219B,Collège Danielle Darras Riaumont,COLLEGE,Public,Avenue ENTRE DEUX MONTS, , ,62800,LIEVIN,LIEVIN,684915.2,7035842.8,EPSG:2154,50.4199537,2.78804643,Correcte,Rue,340,COLLEGE,1,OUVERT,62,32,09,62510,Pas-de-Calais,Hauts-de-France,Lille,99,SANS OBJET,401,Ouvert,,NON,410,427,
2.71330179520711,50.4488261586844,VICTOIRE LAMPIN,97,0620278R,Ecole maternelle Victoire Lampin,ECOLE MATERNELLE PUBLIQUE,Public,36 rue Jean Bart, , ,62160,BULLY LES MINES,BULLY-LES-MINES,679607.3,7039075.9,EPSG:2154,50.44882616,2.71330179,Parfaite,Numéro de rue,101,ECOLE MATERNELLE,1,OUVERT,62,32,09,62186,Pas-de-Calais,Hauts-de-France,Lille,99,SANS OBJET,58,Ouvert,,NON,53,61,
2.90397025037856,50.4441122010775,PAUL LANGEVIN,98,0620285Y,Ecole maternelle Paul Langevin,ECOLE MATERNELLE PUBLIQUE,Public,1 GD PLACE, , ,62440,HARNES,HARNES,693168.8,7038517.9,EPSG:2154,50.4441122,2.90397025,Correcte,Numéro de rue,101,ECOLE MATERNELLE,1,OUVERT,62,32,09,62413,Pas-de-Calais,Hauts-de-France,Lille,99,SANS OBJET,106,Ouvert,,NON,99,108,
2.83487493792812,50.4384395203913,BRACKE-DESROUSSEAUX,99,0620300P,Ecole maternelle Bracke-Desrousseaux,ECOLE MATERNELLE PUBLIQUE,Public,Avenue du Grand Condé, , ,62300,LENS,LENS,688252.3,7037894.1,EPSG:2154,50.43843952,2.83487494,Parfaite,Numéro de rue,101,ECOLE MATERNELLE,1,OUVERT,62,32,09,62498,Pas-de-Calais,Hauts-de-France,Lille,99,SANS OBJET,55,Ouvert,,NON,66,72,
2.84863937676158,50.4452419827714,LES MARRONNIERS,100,0620313D,Ecole maternelle Les Marronniers,ECOLE MATERNELLE PUBLIQUE,Public,8 rue Georges Devouges, , ,62218,LOISON SOUS LENS,LOISON-SOUS-LENS,688877.4,7039100.5,EPSG:2154,50.44928045,2.84362771,Parfaite,Numéro de rue,101,ECOLE MATERNELLE,1,OUVERT,62,32,09,62523,Pas-de-Calais,Hauts-de-France,Lille,99,SANS OBJET,103,Ouvert,,NON,93,86,
2.8831630726953,50.4091936764441,PAULINE KERGOMARD,101,0620317H,Ecole maternelle Pauline Kergomard,ECOLE MATERNELLE PUBLIQUE,Public,60 rue Pierre Simon, , ,62680,MERICOURT,MERICOURT,691682.9,7034630.1,EPSG:2154,50.40919368,2.88316307,Parfaite,Numéro de rue,101,ECOLE MATERNELLE,1,OUVERT,62,32,09,62570,Pas-de-Calais,Hauts-de-France,Lille,99,SANS OBJET,110,Ouvert,,NON,106,99,
2.91389009449965,50.4180954836321,ROBERT DOISNEAU,102,0621276A,Ecole primaire Robert Doisneau,ECOLE PRIMAIRE PUBLIQUE,Public,6 rue Roger Salengro, , ,62420,BILLY MONTIGNY,BILLY-MONTIGNY,693871.3,7035618.9,EPSG:2154,50.41809548,2.91389009,Parfaite,Numéro de rue,151,ECOLE DE NIVEAU ELEMENTAIRE,1,OUVERT,62,32,09,62133,Pas-de-Calais,Hauts-de-France,Lille,99,SANS OBJET,264,Ouvert,,NON,247,248,
2.86710533483209,50.4762804982496,JEAN JAURES,103,0621390Z,Ecole primaire Jean Jaurès,ECOLE PRIMAIRE PUBLIQUE,Public,23 place Jean Jaurès, , ,62880,VENDIN LE VIEIL,VENDIN-LE-VIEIL,690552.4,7042105.3,EPSG:2154,50.4762805,2.86710533,Parfaite,Numéro de rue,151,ECOLE DE NIVEAU ELEMENTAIRE,1,OUVERT,62,32,09,62842,Pas-de-Calais,Hauts-de-France,Lille,99,SANS OBJET,419,Ouvert,,NON,420,408,
2.81192038099897,50.4202813949186,JULES VERNE,104,0621420G,Ecole primaire Jules Verne,ECOLE PRIMAIRE PUBLIQUE,Public,Rue Pierre Brossolette, , ,62300,ELEU DIT LEAUWETTE,ELEU-DIT-LEAUWETTE,686614.4,7035875,EPSG:2154,50.4202814,2.81192038,Parfaite,Numéro de rue,151,ECOLE DE NIVEAU ELEMENTAIRE,1,OUVERT,62,32,09,62291,Pas-de-Calais,Hauts-de-France,Lille,99,SANS OBJET,97,Ouvert,,NON,104,92,
2.87450787530209,50.3991638929312,NELSON MANDELA,105,0621429S,Ecole primaire Nelson Mandela,ECOLE PRIMAIRE PUBLIQUE,Public,32 rue Condorcet, , ,62680,MERICOURT,MERICOURT,691065,7033513.8,EPSG:2154,50.39916389,2.87450788,Parfaite,Numéro de rue,151,ECOLE DE NIVEAU ELEMENTAIRE,1,OUVERT,62,32,09,62570,Pas-de-Calais,Hauts-de-France,Lille,99,SANS OBJET,166,Ouvert,,NON,158,157,
2.879132858068,50.4103245137384,PIERRE ET MARIE CURIE,106,0621430T,Ecole primaire Pierre et Marie Curie,ECOLE PRIMAIRE PUBLIQUE,Public,60 rue Jeannette Prin, , ,62680,MERICOURT,MERICOURT,691396.2,7034756.5,EPSG:2154,50.41032451,2.87913286,Parfaite,Numéro de rue,151,ECOLE DE NIVEAU ELEMENTAIRE,1,OUVERT,62,32,09,62570,Pas-de-Calais,Hauts-de-France,Lille,99,SANS OBJET,203,Ouvert,,NON,194,171,
2.81154005798755,50.3731416482528,JEAN MACE,107,0621449N,Ecole primaire Jean Macé,ECOLE PRIMAIRE PUBLIQUE,Public,4 rue Rouget de Lisle, , ,62580,VIMY,VIMY,686574.8,7030624.1,EPSG:2154,50.37314165,2.81154006,Parfaite,Numéro de rue,151,ECOLE DE NIVEAU ELEMENTAIRE,1,OUVERT,62,32,09,62861,Pas-de-Calais,Hauts-de-France,Lille,99,SANS OBJET,105,Ouvert,,NON,117,116,
2.89094677282488,50.4950775398492,LES PLATANES,108,0621534F,Ecole primaire Les Platanes,ECOLE PRIMAIRE PUBLIQUE,Public,2 place Jean Jaurès, , ,62410,MEURCHIN,MEURCHIN,692250.2,7044196.8,EPSG:2154,50.49507754,2.89094677,Parfaite,Numéro de rue,151,ECOLE DE NIVEAU ELEMENTAIRE,1,OUVERT,62,32,09,62573,Pas-de-Calais,Hauts-de-France,Lille,99,SANS OBJET,260,Ouvert,,NON,245,234,
2.84970728587697,50.4929815046761,SOPHIE BERTHELOT,109,0621536H,Ecole primaire Sophie Berthelot,ECOLE PRIMAIRE PUBLIQUE,Public,Rue des Meuniers, , ,62410,WINGLES,WINGLES,689319.1,7043968.1,EPSG:2154,50.4929815,2.84970729,Parfaite,Numéro de rue,151,ECOLE DE NIVEAU ELEMENTAIRE,1,OUVERT,62,32,09,62895,Pas-de-Calais,Hauts-de-France,Lille,99,SANS OBJET,204,Ouvert,,NON,212,206,
2.7787820854848,50.4162505708238,P.BERT-E.LITTRE,110,0621552A,Ecole primaire Application Paul Bert-Emile Littré,ECOLE PRIMAIRE APPLICATION,Public,Rue Paul Bert, , ,62800,LIEVIN,LIEVIN,684254.7,7035432.1,EPSG:2154,50.41625057,2.77878209,Parfaite,Numéro de rue,153,ECOLE ELEMENTAIRE D APPLICATION,1,OUVERT,62,32,09,62510,Pas-de-Calais,Hauts-de-France,Lille,99,SANS OBJET,313,Ouvert,,NON,302,291,
2.76742411874008,50.4135284973724,DESCARTES-MONTAIGNE,111,0622086F,Collège Descartes-Montaigne,COLLEGE,Public,Rue MONTAIGNE, ,40236,62804,LIEVIN CEDEX,LIEVIN,683445.4,7035131.2,EPSG:2154,50.4135285,2.76742412,Parfaite,Numéro de rue,340,COLLEGE,1,OUVERT,62,32,09,62510,Pas-de-Calais,Hauts-de-France,Lille,99,SANS OBJET,607,Ouvert,,NON,611,614,
2.71946421233818,50.4616418798827,BLAISE PASCAL,112,0622087G,Collège Blaise Pascal,COLLEGE,Public,Rue DU CHAT NOIR, ,23,62670,MAZINGARBE,MAZINGARBE,680050.7,7040502,EPSG:2154,50.46164188,2.71946421,Parfaite,Numéro de rue,340,COLLEGE,1,OUVERT,62,32,09,62563,Pas-de-Calais,Hauts-de-France,Lille,99,SANS OBJET,457,Ouvert,,NON,481,471,
2.66804056047428,50.4206214526398,SAINT FRANCOIS,113,0622108E,Collège privé Saint François,COLLEGE PRIVE,Privé,2 rue MAURICE GOUY, ,6,62172,BOUVIGNY BOYEFFLES,BOUVIGNY-BOYEFFLES,676374.7,7035946.6,EPSG:2154,50.42062145,2.66804056,Parfaite,Numéro de rue,340,COLLEGE,1,OUVERT,62,32,09,62170,Pas-de-Calais,Hauts-de-France,Lille,30,CONTRAT D'ASSOCIATION TOUTES CLASSES,560,Ouvert,,NON,537,563,
2.87709758001446,50.4102031099898,HENRI WALLON,114,0622262X,Collège Henri Wallon,COLLEGE,Public,9  AVENUE JEANNETTE PRIN, , ,62680,MERICOURT,MERICOURT,691251.3,7034743.2,EPSG:2154,50.41020311,2.87709758,Parfaite,Numéro de rue,340,COLLEGE,1,OUVERT,62,32,09,62570,Pas-de-Calais,Hauts-de-France,Lille,99,SANS OBJET,622,Ouvert,,NON,642,638,
2.75202591769897,50.4659259163228,PAULINE KERGOMARD,115,0622289B,Ecole maternelle Pauline Kergomard,ECOLE MATERNELLE PUBLIQUE,Public,Rue Boileau, , ,62670,MAZINGARBE,MAZINGARBE,682367.7,7040971.5,EPSG:2154,50.46592592,2.75202592,Parfaite,Numéro de rue,101,ECOLE MATERNELLE,1,OUVERT,62,32,09,62563,Pas-de-Calais,Hauts-de-France,Lille,99,SANS OBJET,132,Ouvert,,NON,116,113,
2.78848330564596,50.4193080967966,MICHEL COLUCCI,116,0622302R,Etablissement régional d'enseignement adapté Michel Colucci,ETAB.REGIONAL ENSEIGNT ADAPTE,Public,18  AVENUE D'ENTRE DEUX MONTS, , ,62800,LIEVIN,LIEVIN,684946.1,7035770.8,EPSG:2154,50.4193081,2.78848331,Parfaite,Numéro de rue,370,ETABLISSEMENT REGIONAL D'ENSEIGNT ADAPTE,1,OUVERT,62,32,09,62510,Pas-de-Calais,Hauts-de-France,Lille,99,SANS OBJET,115,Ouvert,,NON,105,91,
2.83320110843425,50.446017259017,GEORGES LAPIERRE,117,0622412K,Ecole primaire Georges Lapierre,ECOLE PRIMAIRE,Public,Rue Salvador Allende, , ,62300,LENS,LENS,688135,7038738.5,EPSG:2154,50.44601726,2.83320111,Parfaite,Rue,151,ECOLE DE NIVEAU ELEMENTAIRE,1,OUVERT,62,32,09,62498,Pas-de-Calais,Hauts-de-France,Lille,99,SANS OBJET,221,Ouvert,,NON,198,192,
2.82599203042997,50.4044932481083,JEAN-JACQUES ROUSSEAU,118,0622422W,Collège Jean-Jacques Rousseau,COLLEGE,Public,3 RUE JEAN WIENER, , ,62210,AVION,AVION,687612,7034114,EPSG:2154,50.40449325,2.82599203,Parfaite,Numéro de rue,340,COLLEGE,1,OUVERT,62,32,09,62065,Pas-de-Calais,Hauts-de-France,Lille,99,SANS OBJET,503,Ouvert,,NON,535,542,
2.83912613306198,50.3972511120926,HENRI WALLON,119,0622448Z,Ecole primaire Henri Wallon,ECOLE PRIMAIRE PUBLIQUE,Public,1  RUE PAUL ELUARD, , ,62210,AVION,AVION,688545.4,7033305.3,EPSG:2154,50.39725111,2.83912613,Parfaite,Numéro de rue,151,ECOLE DE NIVEAU ELEMENTAIRE,1,OUVERT,62,32,09,62065,Pas-de-Calais,Hauts-de-France,Lille,99,SANS OBJET,133,Ouvert,,NON,125,128,
2.8898811685646,50.4740076124985,EMILIENNE MOREAU,120,0622461N,Ecole maternelle Emilienne Moreau,ECOLE MATERNELLE PUBLIQUE,Public,39 rue William Willard, , ,62880,PONT A VENDIN,PONT-A-VENDIN,692171.2,7041849.6,EPSG:2154,50.47400761,2.88988117,Parfaite,Numéro de rue,101,ECOLE MATERNELLE,1,OUVERT,62,32,09,62666,Pas-de-Calais,Hauts-de-France,Lille,99,SANS OBJET,154,Ouvert,,NON,145,135,
2.81144482733443,50.3742089436759,SAINTE-THERESE,121,0622693R,Ecole primaire privée Sainte Thérèse,ECOLE PRIMAIRE PRIVEE,Privé,21 rue Jules Ferry, , ,62580,VIMY,VIMY,686568.3,7030743,EPSG:2154,50.37420894,2.81144483,Parfaite,Numéro de rue,151,ECOLE DE NIVEAU ELEMENTAIRE,1,OUVERT,62,32,09,62861,Pas-de-Calais,Hauts-de-France,Lille,30,CONTRAT D'ASSOCIATION TOUTES CLASSES,248,Ouvert,,NON,239,264,
2.86099457670599,50.4779056794893,BRACKE DESROUSSEAUX,122,0622792Y,Collège Bracke Desrousseaux,COLLEGE,Public,13 rue ETIENNE DOLET, ,60017,62881,VENDIN LE VIEIL CEDEX,VENDIN-LE-VIEIL,690118.3,7042287.1,EPSG:2154,50.47790568,2.86099458,Parfaite,Numéro de rue,340,COLLEGE,1,OUVERT,62,32,09,62842,Pas-de-Calais,Hauts-de-France,Lille,99,SANS OBJET,578,Ouvert,,NON,588,582,
2.84407861341183,50.436676750655,EMILE BASLY,123,0622830P,Ecole primaire Emile Basly,ECOLE PRIMAIRE PUBLIQUE,Public,20 QUINQUIES BOULEVARD DU MARAIS, , ,62300,LENS,LENS,688906.7,7037696.4,EPSG:2154,50.43667675,2.84407861,Correcte,Numéro de rue,151,ECOLE DE NIVEAU ELEMENTAIRE,1,OUVERT,62,32,09,62498,Pas-de-Calais,Hauts-de-France,Lille,99,SANS OBJET,141,Ouvert,,NON,139,147,
2.82392505796809,50.4433499762237,CLG JEAN ZAY,124,0622887B,Section d'enseignement général et professionnel adapté du Collège Jean Zay,SEGPA,Public,3 rue Robert Schuman, ,381,62335,LENS CEDEX,LENS,687474.5,7038442.8,EPSG:2154,50.44334998,2.82392506,Parfaite,Numéro de rue,390,SECTION ENSEIGNT GEN. ET PROF. ADAPTE,1,OUVERT,62,32,09,62498,Pas-de-Calais,Hauts-de-France,Lille,99,SANS OBJET,0,Ouvert,,NON,0,0,
2.67505178074359,50.4208824665493,MARIE CURIE,125,0622898N,Ecole maternelle Marie Curie,ECOLE MATERNELLE PUBLIQUE,Public,Chemin du Mont Breuvart, , ,62172,BOUVIGNY BOYEFFLES,BOUVIGNY-BOYEFFLES,676873.8,7035973.6,EPSG:2154,50.42088247,2.67505178,Parfaite,Numéro de rue,101,ECOLE MATERNELLE,1,OUVERT,62,32,09,62170,Pas-de-Calais,Hauts-de-France,Lille,99,SANS OBJET,71,Ouvert,,NON,69,64,
2.82863156584359,50.4098132439822,FELIX CADRAS,126,0622914F,Ecole primaire Félix Cadras,ECOLE PRIMAIRE PUBLIQUE,Public,6 avenue Félix Cadras, , ,62210,AVION,AVION,687801.2,7034706.2,EPSG:2154,50.40981324,2.82863157,Parfaite,Numéro de rue,151,ECOLE DE NIVEAU ELEMENTAIRE,1,OUVERT,62,32,09,62065,Pas-de-Calais,Hauts-de-France,Lille,99,SANS OBJET,212,Ouvert,,NON,207,208,
2.75132085816103,50.4531948199704,JACQUES PREVERT,127,0622965L,Ecole maternelle Jacques Prévert,ECOLE MATERNELLE PUBLIQUE,Public,Place Saint-Louis Cité 5, , ,62160,GRENAY,GRENAY,682313.1,7039553.4,EPSG:2154,50.45319482,2.75132086,Correcte,Rue,101,ECOLE MATERNELLE,1,OUVERT,62,32,09,62386,Pas-de-Calais,Hauts-de-France,Lille,99,SANS OBJET,135,Ouvert,,NON,142,127,
2.76344765607558,50.4535058621414,SAMUEL MERLIN,128,0623002B,Ecole maternelle Samuel Merlin,ECOLE MATERNELLE PUBLIQUE,Public,30 rue André Dubois, , ,62750,LOOS EN GOHELLE,LOOS-EN-GOHELLE,683175.7,7039585.4,EPSG:2154,50.45350586,2.76344766,Parfaite,Numéro de rue,101,ECOLE MATERNELLE,1,OUVERT,62,32,09,62528,Pas-de-Calais,Hauts-de-France,Lille,99,SANS OBJET,40,Ouvert,,NON,37,38,
2.78910919557077,50.4410037260501,LOUIS PASTEUR,129,0623059N,Ecole maternelle Louis Pasteur,ECOLE MATERNELLE PUBLIQUE,Public,Rue du Saint Esprit, , ,62300,LENS,LENS,684997.1,7038187.5,EPSG:2154,50.44100373,2.78910919,Parfaite,Numéro de rue,101,ECOLE MATERNELLE,1,OUVERT,62,32,09,62498,Pas-de-Calais,Hauts-de-France,Lille,99,SANS OBJET,137,Ouvert,,NON,126,121,
2.76778358439992,50.4254749691052,JACQUES PREVERT,130,0623060P,Ecole primaire Jacques Prévert,ECOLE PRIMAIRE PUBLIQUE,Public,Place Tihani Billon, , ,62800,LIEVIN,LIEVIN,683474.9,7036461.9,EPSG:2154,50.42547497,2.76778358,Parfaite,Numéro de rue,151,ECOLE DE NIVEAU ELEMENTAIRE,1,OUVERT,62,32,09,62510,Pas-de-Calais,Hauts-de-France,Lille,99,SANS OBJET,266,Ouvert,,NON,259,247,
2.71052964138293,50.4424129810019,LES COLIBRIS,131,0623145G,Ecole maternelle Les Colibris,ECOLE MATERNELLE PUBLIQUE,Public,77 rue Marcel Sagnol, , ,62160,BULLY LES MINES,BULLY-LES-MINES,679407.5,7038362.2,EPSG:2154,50.44241298,2.71052964,Parfaite,Numéro de rue,101,ECOLE MATERNELLE,1,OUVERT,62,32,09,62186,Pas-de-Calais,Hauts-de-France,Lille,99,SANS OBJET,83,Ouvert,,NON,86,71,
2.8188750440193,50.4216060218002,GISELE HERNU,132,0623148K,Ecole maternelle Gisèle Hernu,ECOLE MATERNELLE PUBLIQUE,Public,Impasse Fassiaux, , ,62300,ELEU DIT LEAUWETTE,ELEU-DIT-LEAUWETTE,687109.7,7036021.4,EPSG:2154,50.42160602,2.81887504,Parfaite,Numéro de rue,101,ECOLE MATERNELLE,1,OUVERT,62,32,09,62291,Pas-de-Calais,Hauts-de-France,Lille,99,SANS OBJET,47,Ouvert,,NON,49,50,
2.80407500397572,50.4334985712769,MARIE CURIE,133,0623255B,Ecole maternelle Marie Curie,ECOLE MATERNELLE PUBLIQUE,Public,Rue la Pérouse, , ,62300,LENS,LENS,686059.7,7037348.7,EPSG:2154,50.43349857,2.804075,Parfaite,Numéro de rue,101,ECOLE MATERNELLE,1,OUVERT,62,32,09,62498,Pas-de-Calais,Hauts-de-France,Lille,99,SANS OBJET,91,Ouvert,,NON,88,99,
2.8540385195383,50.4264094610273,GISELE FOUCART,134,0623270T,Ecole maternelle Gisèle Foucart,ECOLE MATERNELLE PUBLIQUE,Public,1  RUE VICTOR FILIPIC, , ,62430,SALLAUMINES,SALLAUMINES,689613.2,7036551.3,EPSG:2154,50.42640946,2.85403852,Parfaite,Numéro de rue,101,ECOLE MATERNELLE,1,OUVERT,62,32,09,62771,Pas-de-Calais,Hauts-de-France,Lille,99,SANS OBJET,79,Ouvert,,NON,80,80,
2.80347678915056,50.4575328344517,OVIDE LEROY,135,0623375G,Ecole primaire Ovide Leroy,ECOLE PRIMAIRE PUBLIQUE,Public,53 rue Denfert-Rochereau, , ,62750,LOOS EN GOHELLE,LOOS-EN-GOHELLE,686023.8,7040026.2,EPSG:2154,50.45753283,2.80347679,Parfaite,Numéro de rue,151,ECOLE DE NIVEAU ELEMENTAIRE,1,OUVERT,62,32,09,62528,Pas-de-Calais,Hauts-de-France,Lille,99,SANS OBJET,200,Ouvert,,NON,187,173,
2.75403934623724,50.4475826433714,EDMOND BINCE,136,0623413Y,Ecole primaire Edmond Bince,ECOLE PRIMAIRE PUBLIQUE,Public,Rue de l'Annam, , ,62160,GRENAY,GRENAY,682504.5,7038927.6,EPSG:2154,50.44758264,2.75403935,Parfaite,Numéro de rue,151,ECOLE DE NIVEAU ELEMENTAIRE,1,OUVERT,62,32,09,62386,Pas-de-Calais,Hauts-de-France,Lille,99,SANS OBJET,120,Ouvert,,NON,116,123,
2.73864046056894,50.4493149833497,JEAN ROSTAND,137,0623432U,Ecole primaire Jean Rostand,ECOLE PRIMAIRE PUBLIQUE,Public,1  RUE LAMENDIN, , ,62160,GRENAY,GRENAY,681409.8,7039124.1,EPSG:2154,50.44931498,2.73864046,Parfaite,Numéro de rue,151,ECOLE DE NIVEAU ELEMENTAIRE,1,OUVERT,62,32,09,62386,Pas-de-Calais,Hauts-de-France,Lille,99,SANS OBJET,259,Ouvert,,NON,261,244,
2.80598957454776,50.4253738696016,ALFRED MAES,138,0623433V,Ecole primaire Alfred Maës,ECOLE PRIMAIRE PUBLIQUE,Public,Rue Alfred Maes, , ,62300,LENS,LENS,686193.7,7036443.3,EPSG:2154,50.42537387,2.80598957,Parfaite,Numéro de rue,151,ECOLE DE NIVEAU ELEMENTAIRE,1,OUVERT,62,32,09,62498,Pas-de-Calais,Hauts-de-France,Lille,99,SANS OBJET,72,Ouvert,,NON,86,82,
2.79744667934871,50.4268925370603,JEAN JAURES,139,0623475R,Ecole maternelle Jean Jaurès,ECOLE MATERNELLE PUBLIQUE,Public,Rue du Limousin, , ,62800,LIEVIN,LIEVIN,685586.2,7036614,EPSG:2154,50.42689254,2.79744668,Parfaite,Numéro de rue,101,ECOLE MATERNELLE,1,OUVERT,62,32,09,62510,Pas-de-Calais,Hauts-de-France,Lille,99,SANS OBJET,65,Ouvert,,NON,61,56,
2.88049579640029,50.406058082737,GINETTE NEVEU,140,0623495M,Ecole maternelle Ginette Neveu,ECOLE MATERNELLE PUBLIQUE,Public,Place Germinal, , ,62680,MERICOURT,MERICOURT,691492.5,7034281.1,EPSG:2154,50.40605808,2.8804958,Parfaite,Numéro de rue,101,ECOLE MATERNELLE,1,OUVERT,62,32,09,62570,Pas-de-Calais,Hauts-de-France,Lille,99,SANS OBJET,104,Ouvert,,NON,102,93,
2.84969579955107,50.4143032019366,JOLIOT-CURIE,141,0623507A,Ecole primaire Joliot-Curie,ECOLE PRIMAIRE PUBLIQUE,Public,Rue Théo Salingue, , ,62210,AVION,AVION,689301.6,7035203.3,EPSG:2154,50.4143032,2.8496958,Correcte,Rue,151,ECOLE DE NIVEAU ELEMENTAIRE,1,OUVERT,62,32,09,62065,Pas-de-Calais,Hauts-de-France,Lille,99,SANS OBJET,237,Ouvert,,NON,228,234,
2.88875267544426,50.4735559906807,RIMETZ-DEPARETERE,142,0623516K,Ecole primaire Rimetz-Deparetère,ECOLE PRIMAIRE PUBLIQUE,Public,9 rue William Willard, , ,62880,PONT A VENDIN,PONT-A-VENDIN,692090.9,7041799.4,EPSG:2154,50.47355599,2.88875268,Parfaite,Numéro de rue,151,ECOLE DE NIVEAU ELEMENTAIRE,1,OUVERT,62,32,09,62666,Pas-de-Calais,Hauts-de-France,Lille,99,SANS OBJET,221,Ouvert,,NON,228,231,
2.78956900572216,50.4402926490904,LOUIS PASTEUR,143,0623857F,Ecole primaire Louis Pasteur,ECOLE PRIMAIRE PUBLIQUE,Public,Square Henri Noguères, , ,62300,LENS,LENS,685029.6,7038108.2,EPSG:2154,50.44029265,2.78956901,Parfaite,Rue,151,ECOLE DE NIVEAU ELEMENTAIRE,1,OUVERT,62,32,09,62498,Pas-de-Calais,Hauts-de-France,Lille,99,SANS OBJET,165,Ouvert,,NON,178,173,
2.83820313093983,50.4052244307635,FRANK-MICHEL,144,0623971E,Ecole maternelle Frank-Michel,ECOLE MATERNELLE PUBLIQUE,Public,16 rue Emile Basly, , ,62210,AVION,AVION,688481.5,7034193.6,EPSG:2154,50.40522443,2.83820313,Parfaite,Numéro de rue,101,ECOLE MATERNELLE,1,OUVERT,62,32,09,62065,Pas-de-Calais,Hauts-de-France,Lille,99,SANS OBJET,155,Ouvert,,NON,148,148,
2.83337471064412,50.3977372418712,PRIN-COTTON,145,0624003P,Ecole maternelle Prin-Cotton,ECOLE MATERNELLE PUBLIQUE,Public,Rue des Montagnards, , ,62210,AVION,AVION,688136,7033360.3,EPSG:2154,50.39773724,2.83337471,Parfaite,Numéro de rue,101,ECOLE MATERNELLE,1,OUVERT,62,32,09,62065,Pas-de-Calais,Hauts-de-France,Lille,99,SANS OBJET,100,Ouvert,,NON,91,90,
2.77642797524564,50.4310081488732,GEORGE SAND,146,0624013A,Ecole primaire George Sand,ECOLE PRIMAIRE PUBLIQUE,Public,28 rue Gustave Lampin, ,65,62800,LIEVIN,LIEVIN,684091.8,7037076.5,EPSG:2154,50.43100815,2.77642798,Parfaite,Numéro de rue,151,ECOLE DE NIVEAU ELEMENTAIRE,1,OUVERT,62,32,09,62510,Pas-de-Calais,Hauts-de-France,Lille,99,SANS OBJET,227,Ouvert,,NON,229,224,
2.68463075231835,50.439266093406,JEAN MACE-HENRI BARBUSSE,147,0624015C,Ecole primaire Jean Macé-Henri Barbusse,ECOLE PRIMAIRE PUBLIQUE,Public,Place Lyautey, , ,62114,SAINS EN GOHELLE,SAINS-EN-GOHELLE,677563.7,7038018.7,EPSG:2154,50.43926609,2.68463075,Parfaite,Numéro de rue,151,ECOLE DE NIVEAU ELEMENTAIRE,1,OUVERT,62,32,09,62737,Pas-de-Calais,Hauts-de-France,Lille,99,SANS OBJET,168,Ouvert,,NON,164,157,
2.83343862609995,50.3983720254078,MANDELA-ROLLAND,148,0624112H,Ecole primaire Mandela-Rolland,ECOLE PRIMAIRE PUBLIQUE,Public,Rue Romain Rolland, , ,62210,AVION,AVION,688140.7,7033431,EPSG:2154,50.39837203,2.83343863,Parfaite,Numéro de rue,151,ECOLE DE NIVEAU ELEMENTAIRE,1,OUVERT,62,32,09,62065,Pas-de-Calais,Hauts-de-France,Lille,99,SANS OBJET,105,Ouvert,,NON,115,113,
2.75934254246831,50.4077541540317,CURIE-PASTEUR,149,0624143S,Ecole primaire Curie-Pasteur,ECOLE PRIMAIRE PUBLIQUE,Public,Rue Georges Clemenceau, , ,62143,ANGRES,ANGRES,682868.2,7034489.7,EPSG:2154,50.40775415,2.75934254,Parfaite,Numéro de rue,151,ECOLE DE NIVEAU ELEMENTAIRE,1,OUVERT,62,32,09,62032,Pas-de-Calais,Hauts-de-France,Lille,99,SANS OBJET,261,Ouvert,,NON,261,278,
2.91257529589125,50.4284585023439,CONDORCET-CURIE,150,0624144T,Ecole primaire Condorcet-Curie,ECOLE PRIMAIRE PUBLIQUE,Public,10  RUE LOUIS PASTEUR, , ,62740,FOUQUIERES LES LENS,FOUQUIERES-LES-LENS,693779,7036773.4,EPSG:2154,50.4284585,2.9125753,Parfaite,Numéro de rue,151,ECOLE DE NIVEAU ELEMENTAIRE,1,OUVERT,62,32,09,62351,Pas-de-Calais,Hauts-de-France,Lille,99,SANS OBJET,188,Ouvert,,NON,179,172,
2.75843815004816,50.407112312844,DOLTO-FERRY,151,0624151A,Ecole maternelle Dolto-Ferry,ECOLE MATERNELLE PUBLIQUE,Public,Rue des Ecoles, , ,62143,ANGRES,ANGRES,682803.6,7034418.4,EPSG:2154,50.40711231,2.75843815,Parfaite,Numéro de rue,101,ECOLE MATERNELLE,1,OUVERT,62,32,09,62032,Pas-de-Calais,Hauts-de-France,Lille,99,SANS OBJET,181,Ouvert,,NON,173,175,
2.71689375450374,50.4195490597819,ST EXUPERY-MENDES-FRANCE,152,0624205J,Ecole maternelle Saint-Exupéry-Mendès France,ECOLE MATERNELLE PUBLIQUE,Public,6 allée des Eglantines, , ,62160,AIX NOULETTE,AIX-NOULETTE,679851.1,7035813.6,EPSG:2154,50.41954906,2.71689375,Parfaite,Numéro de rue,101,ECOLE MATERNELLE,1,OUVERT,62,32,09,62019,Pas-de-Calais,Hauts-de-France,Lille,99,SANS OBJET,130,Ouvert,,NON,135,133,
2.76932715923015,50.4115104063268,MICRO-LYCEE DE LIEVIN,153,0624494Y,Micro-Lycée du lycée Henri Darras de LIEVIN,ETABLISSEMENT EXPERIMENTAL,Public,Chemin des Manufactures, ,134,62803,LIEVIN CEDEX,LIEVIN,683580.2,7034906,EPSG:2154,50.41151041,2.76932716,MANUEL,BATIMENT,315,ETABLISSEMENT EXPERIMENTAL,1,OUVERT,62,32,09,62510,Pas-de-Calais,Hauts-de-France,Lille,99,SANS OBJET,0,Ouvert,,NON,28,0,
2.82452411106146,50.4453095537008,AUGUSTE BEHAL,154,0620109G,Lycée général et technologique Auguste Béhal,LYCEE GENERAL ET TECHNOLOGIQUE,Public,6  RUE PAUL ELUARD, , ,62300,LENS,LENS,687517.6,7038661,EPSG:2154,50.44530955,2.82452411,Parfaite,Numéro de rue,300,LYCEE ENSEIGNT GENERAL ET TECHNOLOGIQUE,1,OUVERT,62,32,09,62498,Pas-de-Calais,Hauts-de-France,Lille,99,SANS OBJET,669,Ouvert,,NON,595,592,
2.75575224547896,50.4355669991758,PIERRE ET MARIE CURIE,155,0620119T,Collège Pierre et Marie Curie,COLLEGE,Public,1503 rue Emile Zola, , ,62800,LIEVIN,LIEVIN,682622.2,7037588.7,EPSG:2154,50.435567,2.75575225,Parfaite,Numéro de rue,340,COLLEGE,1,OUVERT,62,32,09,62510,Pas-de-Calais,Hauts-de-France,Lille,99,SANS OBJET,663,Ouvert,,NON,656,647,
2.86434418709958,50.4955718580871,LEON BLUM,156,0620180J,Collège Léon Blum,COLLEGE,Public,54 rue Albert Camus, ,80049,62410,WINGLES,WINGLES,690359.8,7044254.8,EPSG:2154,50.49557186,2.86434419,Parfaite,Numéro de rue,340,COLLEGE,1,OUVERT,62,32,09,62895,Pas-de-Calais,Hauts-de-France,Lille,99,SANS OBJET,503,Ouvert,,NON,544,595,
2.86340916752502,50.4127804405731,LA PEUPLERAIE,157,0620220C,Lycée professionnel La Peupleraie - Lycée des Métiers du Transport et de la Logistique,LP LYCEE DES METIERS,Public,2 rue JULES MATTEZ, ,61,62430,SALLAUMINES,SALLAUMINES,690277.4,7035031.9,EPSG:2154,50.41278044,2.86340917,Parfaite,Numéro de rue,320,LYCEE PROFESSIONNEL,1,OUVERT,62,32,09,62771,Pas-de-Calais,Hauts-de-France,Lille,99,SANS OBJET,406,Ouvert,,OUI,428,406,
2.85507600219109,50.4888741392226,VOLTAIRE,158,0620258U,Lycée professionnel Voltaire,LYCEE PROFESSIONNEL,Public,9 place Bertin Ledoux, ,90098,62410,WINGLES,WINGLES,689699.8,7043509.8,EPSG:2154,50.48887414,2.855076,Parfaite,Numéro de rue,320,LYCEE PROFESSIONNEL,1,OUVERT,62,32,09,62895,Pas-de-Calais,Hauts-de-France,Lille,99,SANS OBJET,624,Ouvert,,NON,605,600,
2.87794333227522,50.4618656597176,ANDRE PANTIGNY,159,0620265B,Ecole maternelle André Pantigny,ECOLE MATERNELLE PUBLIQUE,Public,19 rue Bulcourt, ,32,62880,ANNAY,ANNAY,691320.4,7040498.2,EPSG:2154,50.46186566,2.87794333,Parfaite,Numéro de rue,101,ECOLE MATERNELLE,1,OUVERT,62,32,09,62033,Pas-de-Calais,Hauts-de-France,Lille,99,SANS OBJET,134,Ouvert,,NON,127,122,
2.72587605027668,50.442628389585,LOUIS LUMIERE,160,0620277P,Ecole maternelle Louis Lumière,ECOLE MATERNELLE PUBLIQUE,Public,6 boulevard Jean Baptiste Dupuich, , ,62160,BULLY LES MINES,BULLY-LES-MINES,680499.3,7038382.3,EPSG:2154,50.44262839,2.72587605,Correcte,Numéro de rue,101,ECOLE MATERNELLE,1,OUVERT,62,32,09,62186,Pas-de-Calais,Hauts-de-France,Lille,99,SANS OBJET,131,Ouvert,,NON,124,111,
2.88785042342805,50.4447691933825,ANATOLE FRANCE,161,0620282V,Ecole maternelle Anatole France,ECOLE MATERNELLE PUBLIQUE,Public,Rue de Commercy,CITE 21, ,62440,HARNES,HARNES,692022.2,7038592.6,EPSG:2154,50.44476919,2.88785042,Parfaite,Numéro de rue,101,ECOLE MATERNELLE,1,OUVERT,62,32,09,62413,Pas-de-Calais,Hauts-de-France,Lille,99,SANS OBJET,124,Ouvert,,NON,115,107,
2.9118736711224,50.448779688003,LOUISE MICHEL,162,0620284X,Ecole maternelle Louise Michel,ECOLE MATERNELLE PUBLIQUE,Public,Rue Saint Druon, , ,62440,HARNES,HARNES,693731.6,7039037.2,EPSG:2154,50.44877969,2.91187367,Parfaite,Numéro de rue,101,ECOLE MATERNELLE,1,OUVERT,62,32,09,62413,Pas-de-Calais,Hauts-de-France,Lille,99,SANS OBJET,126,Ouvert,,NON,135,110,
2.76871170017608,50.4222665262695,PAPE CARPANTIER,163,0620308Y,Ecole maternelle Pape Carpantier,ECOLE MATERNELLE PUBLIQUE,Public,18 rue Henri Martin, , ,62800,LIEVIN,LIEVIN,683539.9,7036104.3,EPSG:2154,50.42226653,2.7687117,Parfaite,Numéro de rue,101,ECOLE MATERNELLE,1,OUVERT,62,32,09,62510,Pas-de-Calais,Hauts-de-France,Lille,99,SANS OBJET,113,Ouvert,,NON,100,98,
2.8484918020247,50.4526599302254,GROUPE SCOLAIRE JULES FERRY,164,0620324R,Ecole maternelle Jules Ferry,ECOLE MATERNELLE PUBLIQUE,Public,Rue de la Justice, , ,62880,VENDIN LE VIEIL,VENDIN-LE-VIEIL,689224.1,7039476.3,EPSG:2154,50.45265993,2.8484918,Parfaite,Rue,101,ECOLE MATERNELLE,1,OUVERT,62,32,09,62842,Pas-de-Calais,Hauts-de-France,Lille,99,SANS OBJET,103,Ouvert,,NON,97,107,
2.86769257646718,50.4749544244161,JEAN JAURES,165,0620325S,Ecole maternelle Jean Jaurès,ECOLE MATERNELLE PUBLIQUE,Public,Rue Florent Evrard, , ,62880,VENDIN LE VIEIL,VENDIN-LE-VIEIL,690593.9,7041957.5,EPSG:2154,50.47495442,2.86769258,Parfaite,Numéro de rue,101,ECOLE MATERNELLE,1,OUVERT,62,32,09,62842,Pas-de-Calais,Hauts-de-France,Lille,99,SANS OBJET,151,Ouvert,,NON,141,143,
2.79804813578715,50.4591838587097,VICTOR HUGO,166,0620368N,Ecole maternelle Victor Hugo,ECOLE MATERNELLE PUBLIQUE,Public,16 rue Victor Hugo, , ,62750,LOOS EN GOHELLE,LOOS-EN-GOHELLE,685638.2,7040211.1,EPSG:2154,50.45918386,2.79804814,Parfaite,Rue,101,ECOLE MATERNELLE,1,OUVERT,62,32,09,62528,Pas-de-Calais,Hauts-de-France,Lille,99,SANS OBJET,100,Ouvert,,NON,98,89,
2.90927452437182,50.4470327407039,JEAN JAURES,167,0621369B,Ecole primaire Jean Jaurès,ECOLE PRIMAIRE PUBLIQUE,Public,30 rue André Desprez, , ,62440,HARNES,HARNES,693546.5,7038842.8,EPSG:2154,50.44703274,2.90927452,Parfaite,Numéro de rue,151,ECOLE DE NIVEAU ELEMENTAIRE,1,OUVERT,62,32,09,62413,Pas-de-Calais,Hauts-de-France,Lille,99,SANS OBJET,175,Ouvert,,NON,179,171,
2.88292874450334,50.3830406614557,RPI 91,168,0621395E,Ecole primaire RPI 91,ECOLE PRIMAIRE PUBLIQUE,Public,3 rue Jean Lennes, , ,62320,ACHEVILLE,ACHEVILLE,691661.9,7031716.9,EPSG:2154,50.38304066,2.88292874,Parfaite,Numéro de rue,151,ECOLE DE NIVEAU ELEMENTAIRE,1,OUVERT,62,32,09,62003,Pas-de-Calais,Hauts-de-France,Lille,99,SANS OBJET,40,Ouvert,,NON,44,40,
2.86175998057004,50.3999088677953,LOUIS PASTEUR,169,0621433W,Ecole primaire Louis Pasteur,ECOLE PRIMAIRE PUBLIQUE,Public,12 impasse Louis Pasteur, , ,62680,MERICOURT,MERICOURT,690157.5,7033598.3,EPSG:2154,50.39990887,2.86175998,Parfaite,Numéro de rue,151,ECOLE DE NIVEAU ELEMENTAIRE,1,OUVERT,62,32,09,62570,Pas-de-Calais,Hauts-de-France,Lille,99,SANS OBJET,186,Ouvert,,NON,175,195,
2.71776255451241,50.4619099991209,JAURES,170,0621504Y,Ecole primaire Marie Curie,ECOLE PRIMAIRE PUBLIQUE,Public,Impasse Gournay, , ,62670,MAZINGARBE,MAZINGARBE,679929.8,7040532.3,EPSG:2154,50.46191,2.71776255,Parfaite,Numéro de rue,151,ECOLE DE NIVEAU ELEMENTAIRE,1,OUVERT,62,32,09,62563,Pas-de-Calais,Hauts-de-France,Lille,99,SANS OBJET,168,Ouvert,,NON,171,186,
2.63919351631111,50.4082606990158,LES QUATRE VENTS,171,0621562L,Ecole primaire Les Quatre Vents,ECOLE PRIMAIRE PUBLIQUE,Public,Rue Paul Tetelin, , ,62530,SERVINS,SERVINS,674315.4,7034578.7,EPSG:2154,50.4082607,2.63919352,Parfaite,Numéro de rue,151,ECOLE DE NIVEAU ELEMENTAIRE,1,OUVERT,62,32,09,62793,Pas-de-Calais,Hauts-de-France,Lille,99,SANS OBJET,146,Ouvert,,NON,137,136,
2.72103008898991,50.4414388960937,SUZANNE BLIN,172,0621576B,Ecole primaire Suzanne Blin,ECOLE PRIMAIRE PUBLIQUE,Public,2 rue Condorcet, , ,62160,BULLY LES MINES,BULLY-LES-MINES,680154.1,7038251,EPSG:2154,50.4414389,2.72103009,Parfaite,Numéro de rue,151,ECOLE DE NIVEAU ELEMENTAIRE,1,OUVERT,62,32,09,62186,Pas-de-Calais,Hauts-de-France,Lille,99,SANS OBJET,223,Ouvert,,NON,204,197,
2.72438373736814,50.4432974340438,FRANCOIS BRASME,173,0621577C,Ecole primaire François Brasme,ECOLE PRIMAIRE PUBLIQUE,Public,41 rue Léon Baillot, , ,62160,BULLY LES MINES,BULLY-LES-MINES,680393.4,7038457.2,EPSG:2154,50.44329743,2.72438374,Parfaite,Numéro de rue,151,ECOLE DE NIVEAU ELEMENTAIRE,1,OUVERT,62,32,09,62186,Pas-de-Calais,Hauts-de-France,Lille,99,SANS OBJET,242,Ouvert,,NON,262,252,
2.91662239703555,50.4277350637927,EMILE ZOLA,174,0622098U,Collège Emile Zola,COLLEGE,Public,RUE DANIELE CASANOVA, ,5,62740,FOUQUIERES LES LENS,FOUQUIERES-LES-LENS,694066.9,7036692.5,EPSG:2154,50.42773506,2.9166224,Parfaite,Numéro de rue,340,COLLEGE,1,OUVERT,62,32,09,62351,Pas-de-Calais,Hauts-de-France,Lille,99,SANS OBJET,348,Ouvert,,NON,364,352,
2.84680361793992,50.4252247226543,EPINETTE,175,0622247F,Ecole maternelle Epinette,ECOLE MATERNELLE PUBLIQUE,Public,Rue Julien Lhommet, , ,62430,SALLAUMINES,SALLAUMINES,689098.1,7036420.3,EPSG:2154,50.42522472,2.84680362,Parfaite,Numéro de rue,101,ECOLE MATERNELLE,1,OUVERT,62,32,09,62771,Pas-de-Calais,Hauts-de-France,Lille,99,SANS OBJET,82,Ouvert,,NON,81,64,
2.78830485963173,50.4196435330382,CLG RIAUMONT,176,0622267C,Section d'enseignement général et professionnel adapté du Collège Riaumont,SEGPA,Public,Avenue ENTRE DEUX MONTS, , ,62800,LIEVIN,LIEVIN,684933.5,7035808.2,EPSG:2154,50.41964353,2.78830486,Parfaite,Numéro de rue,390,SECTION ENSEIGNT GEN. ET PROF. ADAPTE,1,OUVERT,62,32,09,62510,Pas-de-Calais,Hauts-de-France,Lille,99,SANS OBJET,0,Ouvert,,NON,0,0,
2.85178262352538,50.4959057273471,EMILIENNE MOREAU,177,0622550K,Ecole maternelle Emilienne Moreau,ECOLE MATERNELLE PUBLIQUE,Public,3 rue Fernand Grenier, , ,62410,WINGLES,WINGLES,689467.2,7044293.6,EPSG:2154,50.49590573,2.85178262,Parfaite,Numéro de rue,101,ECOLE MATERNELLE,1,OUVERT,62,32,09,62895,Pas-de-Calais,Hauts-de-France,Lille,99,SANS OBJET,76,Ouvert,,NON,82,78,
2.90104630706625,50.4505479796576,VICTOR HUGO,178,0622791X,Collège Victor Hugo,COLLEGE,Public,Rue FRANCOIS DELATTRE, , ,62440,HARNES,HARNES,692961.7,7039235.1,EPSG:2154,50.45054798,2.90104631,Parfaite,Numéro de rue,340,COLLEGE,1,OUVERT,62,32,09,62413,Pas-de-Calais,Hauts-de-France,Lille,99,SANS OBJET,586,Ouvert,,NON,544,569,
2.84924263846077,50.4455953038448,LINO VENTURA,179,0622831R,Ecole primaire Lino Ventura,ECOLE PRIMAIRE PUBLIQUE,Public,85 rue Georges Devouges,CITE 8, ,62218,LOISON SOUS LENS,LOISON-SOUS-LENS,689276,7038689.2,EPSG:2154,50.4455953,2.84924264,Parfaite,Numéro de rue,151,ECOLE DE NIVEAU ELEMENTAIRE,1,OUVERT,62,32,09,62523,Pas-de-Calais,Hauts-de-France,Lille,99,SANS OBJET,143,Ouvert,,NON,158,153,
2.79921110744031,50.4401049091041,JEAN JAURES,180,0622868F,Collège Jean Jaurès,COLLEGE,Public,RUE MARGUERITE YOURCENAR, ,293,62305,LENS CEDEX,LENS,685715.5,7038085.5,EPSG:2154,50.44010491,2.79921111,Correcte,Rue,340,COLLEGE,1,OUVERT,62,32,09,62498,Pas-de-Calais,Hauts-de-France,Lille,99,SANS OBJET,478,Ouvert,,NON,481,493,
2.6705866195352,50.4223428893599,PIERRE CURIE,181,0622897M,Ecole primaire Pierre Curie,ECOLE PRIMAIRE PUBLIQUE,Public,Rue Robert Dujardin, , ,62172,BOUVIGNY BOYEFFLES,BOUVIGNY-BOYEFFLES,676556.7,7036137.6,EPSG:2154,50.42234289,2.67058662,Parfaite,Numéro de rue,151,ECOLE DE NIVEAU ELEMENTAIRE,1,OUVERT,62,32,09,62170,Pas-de-Calais,Hauts-de-France,Lille,99,SANS OBJET,136,Ouvert,,NON,125,117,
2.75463777238207,50.4442121658233,JEANNETTE PRIN,182,0622936E,Ecole maternelle Jeannette Prin,ECOLE MATERNELLE PUBLIQUE,Public,Boulevard de Tahiti, , ,62160,GRENAY,GRENAY,682545.9,7038552,EPSG:2154,50.44421217,2.75463777,Parfaite,Numéro de rue,101,ECOLE MATERNELLE,1,OUVERT,62,32,09,62386,Pas-de-Calais,Hauts-de-France,Lille,99,SANS OBJET,79,Ouvert,,NON,69,57,
2.75773242034932,50.4309280385421,CLG PIERRE ET MARIE CURIE,183,0622945P,Section d'enseignement général et professionnel adapté du Collège Pierre et Marie Curie,SEGPA,Public,Rue Emile Zola, , ,62800,LIEVIN,LIEVIN,682761.5,7037071.5,EPSG:2154,50.43092804,2.75773242,Parfaite,Rue,390,SECTION ENSEIGNT GEN. ET PROF. ADAPTE,1,OUVERT,62,32,09,62510,Pas-de-Calais,Hauts-de-France,Lille,99,SANS OBJET,0,Ouvert,,NON,0,0,
2.90501864621001,50.475612562373,GR SCOL JACQUES PREVERT,184,0623046Z,Ecole primaire Jacques Prévert,ECOLE PRIMAIRE PUBLIQUE,Public,Rue Blanche Dupont, , ,62880,ESTEVELLES,ESTEVELLES,693247.6,7042027,EPSG:2154,50.47561256,2.90501865,Parfaite,Numéro de rue,151,ECOLE DE NIVEAU ELEMENTAIRE,1,OUVERT,62,32,09,62311,Pas-de-Calais,Hauts-de-France,Lille,99,SANS OBJET,239,Ouvert,,NON,222,222,
2.90403425545296,50.4341183830409,JEAN MACE,185,0623050D,Ecole primaire Jean Macé,ECOLE PRIMAIRE PUBLIQUE,Public,20 rue Raoul Briquet,CITE 9, ,62740,FOUQUIERES LES LENS,FOUQUIERES-LES-LENS,693172,7037404.6,EPSG:2154,50.43411838,2.90403426,Parfaite,Numéro de rue,151,ECOLE DE NIVEAU ELEMENTAIRE,1,OUVERT,62,32,09,62351,Pas-de-Calais,Hauts-de-France,Lille,99,SANS OBJET,119,Ouvert,,NON,128,128,
2.74064639026618,50.3911567256672,ANATOLE FRANCE,186,0623366X,Ecole primaire Anatole France,ECOLE PRIMAIRE PUBLIQUE,Public,Place de Kensington, , ,62153,SOUCHEZ,SOUCHEZ,681531.2,7032645.1,EPSG:2154,50.39115673,2.74064639,Parfaite,Numéro de rue,151,ECOLE DE NIVEAU ELEMENTAIRE,1,OUVERT,62,32,09,62801,Pas-de-Calais,Hauts-de-France,Lille,99,SANS OBJET,160,Ouvert,,NON,160,167,
2.90039174742624,50.4509531991513,CLG VICTOR HUGO,187,0623378K,Section d'enseignement général et professionnel adapté du Collège Victor Hugo,SEGPA,Public,Rue FRANCOIS DELATTRE, , ,62440,HARNES,HARNES,692915.2,7039280.3,EPSG:2154,50.4509532,2.90039175,Parfaite,Numéro de rue,390,SECTION ENSEIGNT GEN. ET PROF. ADAPTE,1,OUVERT,62,32,09,62413,Pas-de-Calais,Hauts-de-France,Lille,99,SANS OBJET,0,Ouvert,,NON,0,0,
2.73727049875763,50.4505113673389,MARCEL MORIEUX,188,0623400J,Ecole maternelle Marcel Morieux,ECOLE MATERNELLE PUBLIQUE,Public,Place Jean Jaurès, , ,62160,GRENAY,GRENAY,681312.8,7039257.7,EPSG:2154,50.45051137,2.7372705,Parfaite,Numéro de rue,101,ECOLE MATERNELLE,1,OUVERT,62,32,09,62386,Pas-de-Calais,Hauts-de-France,Lille,99,SANS OBJET,177,Ouvert,,NON,167,158,
2.87374551722644,50.4259993687742,VICTOIRE CERF-HANOTEL,189,0623497P,Ecole maternelle Victoire Cerf-Hanotel,ECOLE MATERNELLE PUBLIQUE,Public,309 rue Victor Hugo, , ,62221,NOYELLES SOUS LENS,NOYELLES-SOUS-LENS,691015.5,7036503.2,EPSG:2154,50.42599937,2.87374552,Parfaite,Numéro de rue,101,ECOLE MATERNELLE,1,OUVERT,62,32,09,62628,Pas-de-Calais,Hauts-de-France,Lille,99,SANS OBJET,78,Ouvert,,NON,75,77,
2.81396590706651,50.4260746667633,VOLTAIRE,190,0623536G,Ecole primaire Voltaire,ECOLE PRIMAIRE PUBLIQUE,Public,Rue Saint Elie, , ,62300,LENS,LENS,686761.5,7036520,EPSG:2154,50.42607467,2.81396591,Parfaite,Numéro de rue,151,ECOLE DE NIVEAU ELEMENTAIRE,1,OUVERT,62,32,09,62498,Pas-de-Calais,Hauts-de-France,Lille,99,SANS OBJET,116,Ouvert,,NON,117,113,
2.76088977037012,50.42660010936,JACQUES BREL,191,0623644Z,Ecole maternelle publique Jacques Brel,ECOLE MATERNELLE PUBLIQUE,Public,Rue Emile Zola, , ,62800,LIEVIN,LIEVIN,682984.7,7036588.7,EPSG:2154,50.42660011,2.76088977,Parfaite,Numéro de rue,101,ECOLE MATERNELLE,1,OUVERT,62,32,09,62510,Pas-de-Calais,Hauts-de-France,Lille,99,SANS OBJET,69,Ouvert,,NON,65,62,
2.90087590496525,50.4492623852317,HENRI BARBUSSE,192,0623772N,Ecole primaire Henri Barbusse,ECOLE PRIMAIRE PUBLIQUE,Public,Avenue Henri Barbusse, , ,62440,HARNES,HARNES,692949.4,7039091.9,EPSG:2154,50.44926239,2.9008759,Parfaite,Numéro de rue,151,ECOLE DE NIVEAU ELEMENTAIRE,1,OUVERT,62,32,09,62413,Pas-de-Calais,Hauts-de-France,Lille,99,SANS OBJET,264,Ouvert,,NON,270,268,
2.89885186595776,50.4231076374668,JULES FERRY,193,0623825W,Ecole primaire Jules Ferry,ECOLE PRIMAIRE PUBLIQUE,Public,Rue du Général Leclerc, , ,62740,FOUQUIERES LES LENS,FOUQUIERES-LES-LENS,692801.7,7036178.5,EPSG:2154,50.42310764,2.89885187,Parfaite,Numéro de rue,151,ECOLE DE NIVEAU ELEMENTAIRE,1,OUVERT,62,32,09,62351,Pas-de-Calais,Hauts-de-France,Lille,99,SANS OBJET,152,Ouvert,,NON,158,178,
2.68401300874395,50.4481219292057,JAURES-CURIE,194,0623897Z,Ecole primaire Jaurès-Curie,ECOLE PRIMAIRE PUBLIQUE,Public,Rue la Fontaine, , ,62114,SAINS EN GOHELLE,SAINS-EN-GOHELLE,677523.7,7039005.4,EPSG:2154,50.44812193,2.68401301,Parfaite,Rue,151,ECOLE DE NIVEAU ELEMENTAIRE,1,OUVERT,62,32,09,62737,Pas-de-Calais,Hauts-de-France,Lille,99,SANS OBJET,223,Ouvert,,NON,233,232,
2.85468619057375,50.4884114098231,VOLTAIRE,195,0623915U,Lycée général et technologique Voltaire,LYCEE GENERAL ET TECHNOLOGIQUE,Public,9 place Bertin Ledoux, ,90098,62410,WINGLES,WINGLES,689672,7043458.3,EPSG:2154,50.48841141,2.85468619,Parfaite,Numéro de rue,300,LYCEE ENSEIGNT GENERAL ET TECHNOLOGIQUE,1,OUVERT,62,32,09,62895,Pas-de-Calais,Hauts-de-France,Lille,99,SANS OBJET,1048,Ouvert,,NON,1025,1025,
2.70269701410734,50.4731662376696,FRANCE-PASTEUR,196,0623939V,Ecole primaire France-Pasteur,ECOLE PRIMAIRE PUBLIQUE,Public,Rue de Béthune, , ,62670,MAZINGARBE,MAZINGARBE,678863.2,7041790.2,EPSG:2154,50.47316624,2.70269701,Correcte,Rue,151,ECOLE DE NIVEAU ELEMENTAIRE,1,OUVERT,62,32,09,62563,Pas-de-Calais,Hauts-de-France,Lille,99,SANS OBJET,174,Ouvert,,NON,196,183,
2.81476836182868,50.4073083503465,DESNOS-CASANOVA,197,0624002N,Ecole primaire Desnos-Casanova,ECOLE PRIMAIRE PUBLIQUE,Public,3 place Salvador Allende, , ,62210,AVION,AVION,686813.7,7034429.4,EPSG:2154,50.40730835,2.81476836,Parfaite,Numéro de rue,151,ECOLE DE NIVEAU ELEMENTAIRE,1,OUVERT,62,32,09,62065,Pas-de-Calais,Hauts-de-France,Lille,99,SANS OBJET,199,Ouvert,,NON,195,195,
2.83371023779513,50.4416857652634,JULES VERNE,198,0624195Y,Ecole élémentaire Jules Verne,ECOLE ELEMENTAIRE PUBLIQUE,Public,Rue de Londres, , ,62300,LENS,LENS,688170.2,7038255.9,EPSG:2154,50.44168576,2.83371024,Parfaite,Numéro de rue,151,ECOLE DE NIVEAU ELEMENTAIRE,1,OUVERT,62,32,09,62498,Pas-de-Calais,Hauts-de-France,Lille,99,SANS OBJET,327,Ouvert,,NON,295,284,
2.71062946631112,50.4267323523881,PREVERT-MENDES-FRANCE,199,0624228J,Ecole élémentaire Prévert-Mendès France,ECOLE ELEMENTAIRE PUBLIQUE,Public,16 GRANDE RUE LLE, , ,62160,AIX NOULETTE,AIX-NOULETTE,679408.2,7036615.4,EPSG:2154,50.42673235,2.71062947,Moyenne,Ville,151,ECOLE DE NIVEAU ELEMENTAIRE,1,OUVERT,62,32,09,62019,Pas-de-Calais,Hauts-de-France,Lille,99,SANS OBJET,208,Ouvert,,NON,213,213,
2.71227378934165,50.438285015409,LP LEO LAGRANGE,200,0624302P,Section d'enseignement général et Technologique du LP Léo Lagrange,SECTION ENSEIGNT GEN.ET TECHNO,Public,Rue VICTOR SCHOELCHER, ,109,62160,BULLY LES MINES,BULLY-LES-MINES,679529.9,7037901.9,EPSG:2154,50.43828502,2.71227379,Parfaite,Numéro de rue,335,SECTION ENSEIGT GENERAL ET TECHNOLOGIQUE,1,OUVERT,62,32,09,62186,Pas-de-Calais,Hauts-de-France,Lille,99,SANS OBJET,0,Ouvert,,NON,0,0,
2.82477585064491,50.4456842402478,AUGUSTE BEHAL,201,0620110H,"Lycée professionnel Auguste Béhal - Lycée des Métiers de la personne, santé, social - Lycée des Métiers de Construction bois et matériaux",LP LYCEE DES METIERS,Public,6 rue PAUL ELUARD, , ,62300,LENS,LENS,687535.6,7038702.7,EPSG:2154,50.44568424,2.82477585,Parfaite,Numéro de rue,320,LYCEE PROFESSIONNEL,1,OUVERT,62,32,09,62498,Pas-de-Calais,Hauts-de-France,Lille,99,SANS OBJET,504,Ouvert,,NON,514,517,
2.86296657595517,50.4133176810309,PAUL LANGEVIN,202,0620170Y,Collège Paul Langevin,COLLEGE,Public,Rue JULES MATTEZ, , ,62430,SALLAUMINES,SALLAUMINES,690246,7035091.8,EPSG:2154,50.41331768,2.86296658,Parfaite,Rue,340,COLLEGE,1,OUVERT,62,32,09,62771,Pas-de-Calais,Hauts-de-France,Lille,99,SANS OBJET,383,Ouvert,,NON,388,372,
2.91171769313448,50.4174224656761,LOUISE MICHEL,203,0620274L,Ecole maternelle Louise Michel,ECOLE MATERNELLE PUBLIQUE,Public,6 rue Etienne Dolet, , ,62420,BILLY MONTIGNY,BILLY-MONTIGNY,693716.6,7035544.1,EPSG:2154,50.41742247,2.91171769,Parfaite,Numéro de rue,101,ECOLE MATERNELLE,1,OUVERT,62,32,09,62133,Pas-de-Calais,Hauts-de-France,Lille,99,SANS OBJET,189,Ouvert,,NON,188,182,
2.79523854524068,50.422155323917,CONDORCET-GERMINAL,204,0620306W,Ecole maternelle Condorcet-Germinal,ECOLE MATERNELLE PUBLIQUE,Public,Rue Churchill, , ,62800,LIEVIN,LIEVIN,685427.7,7036086.7,EPSG:2154,50.42215532,2.79523855,Parfaite,Numéro de rue,101,ECOLE MATERNELLE,1,OUVERT,62,32,09,62510,Pas-de-Calais,Hauts-de-France,Lille,99,SANS OBJET,144,Ouvert,,NON,134,125,
2.77687377137722,50.4303078559013,FREDERIC CHOPIN,205,0620307X,Ecole maternelle Frédéric Chopin,ECOLE MATERNELLE PUBLIQUE,Public,Rue Gustave Lampin, , ,62800,LIEVIN,LIEVIN,684123.3,7036998.4,EPSG:2154,50.43030786,2.77687377,Parfaite,Numéro de rue,101,ECOLE MATERNELLE,1,OUVERT,62,32,09,62510,Pas-de-Calais,Hauts-de-France,Lille,99,SANS OBJET,148,Ouvert,,NON,137,133,
2.86059518372333,50.409732247129,DU COURTY-GUY,206,0620316G,Ecole maternelle du Courty-Guy,ECOLE MATERNELLE PUBLIQUE,Public,Place Pierre Sémard, , ,62680,MERICOURT,MERICOURT,690076.5,7034692.7,EPSG:2154,50.40973225,2.86059518,Parfaite,Numéro de rue,101,ECOLE MATERNELLE,1,OUVERT,62,32,09,62570,Pas-de-Calais,Hauts-de-France,Lille,99,SANS OBJET,23,Ouvert,,NON,21,21,
2.91842116197922,50.4129726371761,VOLTAIRE,207,0621274Y,Ecole primaire Voltaire,ECOLE PRIMAIRE PUBLIQUE,Public,9 rue Jules Guesde, , ,62420,BILLY MONTIGNY,BILLY-MONTIGNY,694193.2,7035047.9,EPSG:2154,50.41297264,2.91842116,Parfaite,Numéro de rue,151,ECOLE DE NIVEAU ELEMENTAIRE,1,OUVERT,62,32,09,62133,Pas-de-Calais,Hauts-de-France,Lille,99,SANS OBJET,291,Ouvert,,NON,291,285,
2.83052792317264,50.4320178761238,SADI CARNOT,208,0621351G,Ecole primaire Sadi Carnot,ECOLE PRIMAIRE PUBLIQUE,Public,45 rue Anatole France, , ,62300,LENS,LENS,687941.5,7037179.4,EPSG:2154,50.43201788,2.83052792,Parfaite,Numéro de rue,151,ECOLE DE NIVEAU ELEMENTAIRE,1,OUVERT,62,32,09,62498,Pas-de-Calais,Hauts-de-France,Lille,99,SANS OBJET,149,Ouvert,,NON,151,134,
2.88759727186883,50.4435589000959,LOUIS PASTEUR,209,0621371D,Ecole primaire Louis Pasteur,ECOLE PRIMAIRE PUBLIQUE,Public,21 rue de Poligny, ,27,62440,HARNES,HARNES,692004,7038457.8,EPSG:2154,50.4435589,2.88759727,Parfaite,Numéro de rue,151,ECOLE DE NIVEAU ELEMENTAIRE,1,OUVERT,62,32,09,62413,Pas-de-Calais,Hauts-de-France,Lille,99,SANS OBJET,123,Ouvert,,NON,131,131,
2.88707063194317,50.4445853589913,JOLIOT-CURIE,210,0621372E,Ecole primaire Joliot-Curie,ECOLE PRIMAIRE PUBLIQUE,Public,21 rue de Saint Claude, , ,62440,HARNES,HARNES,691966.7,7038572.2,EPSG:2154,50.44458536,2.88707063,Parfaite,Numéro de rue,151,ECOLE DE NIVEAU ELEMENTAIRE,1,OUVERT,62,32,09,62413,Pas-de-Calais,Hauts-de-France,Lille,99,SANS OBJET,161,Ouvert,,NON,171,161,
2.83731592148179,50.4033129073243,L.ARAGON-E.TRIOLET,211,0621400K,Ecole primaire Louis Aragon-ElsaTriolet,ECOLE PRIMAIRE PUBLIQUE,Public,Rue des Flandres,CITE 4, ,62210,AVION,AVION,688417.9,7033980.8,EPSG:2154,50.40331291,2.83731592,Parfaite,Numéro de rue,151,ECOLE DE NIVEAU ELEMENTAIRE,1,OUVERT,62,32,09,62065,Pas-de-Calais,Hauts-de-France,Lille,99,SANS OBJET,235,Ouvert,,NON,233,255,
2.81313761905137,50.3708493866802,JEAN DE LA FONTAINE,212,0621450P,Ecole primaire Jean de La Fontaine,ECOLE PRIMAIRE PUBLIQUE,Public,4 rue Rouget de Lisle, , ,62580,VIMY,VIMY,686688,7030368.5,EPSG:2154,50.37084939,2.81313762,Parfaite,Numéro de rue,151,ECOLE DE NIVEAU ELEMENTAIRE,1,OUVERT,62,32,09,62861,Pas-de-Calais,Hauts-de-France,Lille,99,SANS OBJET,74,Ouvert,,NON,65,66,
2.7121157039753,50.4627757907508,JEAN ZAY,213,0621574Z,Ecole primaire Jean Zay,ECOLE PRIMAIRE PUBLIQUE,Public,Rue de Boulogne, , ,62160,BULLY LES MINES,BULLY-LES-MINES,679528.6,7040630.2,EPSG:2154,50.46277579,2.7121157,Parfaite,Numéro de rue,151,ECOLE DE NIVEAU ELEMENTAIRE,1,OUVERT,62,32,09,62186,Pas-de-Calais,Hauts-de-France,Lille,99,SANS OBJET,88,Ouvert,,NON,105,108,
2.83112720017679,50.4347862692249,SAINTE IDE,214,0622115M,Collège privé Sainte Ide,COLLEGE PRIVE,Privé,75 rue Emile Zola, , ,62300,LENS,LENS,687984.8,7037487.7,EPSG:2154,50.43478627,2.8311272,Parfaite,Numéro de rue,340,COLLEGE,1,OUVERT,62,32,09,62498,Pas-de-Calais,Hauts-de-France,Lille,30,CONTRAT D'ASSOCIATION TOUTES CLASSES,1188,Ouvert,,NON,1183,1134,
2.87632443825735,50.4104061207336,CLG HENRI WALLON,215,0622263Y,Section d'enseignement général et professionnel adapté du Collège Henri Wallon,SEGPA,Public,9 avenue JEANNETTE PRIN, , ,62680,MERICOURT,MERICOURT,691196.3,7034765.9,EPSG:2154,50.41040612,2.87632444,Parfaite,Numéro de rue,390,SECTION ENSEIGNT GEN. ET PROF. ADAPTE,1,OUVERT,62,32,09,62570,Pas-de-Calais,Hauts-de-France,Lille,99,SANS OBJET,0,Ouvert,,NON,0,0,
2.82389627752158,50.4427359246897,JEAN ZAY,216,0622418S,Collège Jean Zay,COLLEGE,Public,3 rue Robert Schuman, ,381,62335,LENS CEDEX,LENS,687472.3,7038374.4,EPSG:2154,50.44273592,2.82389628,Parfaite,Numéro de rue,340,COLLEGE,1,OUVERT,62,32,09,62498,Pas-de-Calais,Hauts-de-France,Lille,99,SANS OBJET,724,Ouvert,,NON,759,779,
2.81231586692531,50.4133067912878,MARCEL CACHIN,217,0622447Y,Ecole primaire Marcel Cachin,ECOLE PRIMAIRE PUBLIQUE,Public,Rue du Général Delestraint, , ,62210,AVION,AVION,686640.7,7035098,EPSG:2154,50.41330679,2.81231587,Parfaite,Numéro de rue,151,ECOLE DE NIVEAU ELEMENTAIRE,1,OUVERT,62,32,09,62065,Pas-de-Calais,Hauts-de-France,Lille,99,SANS OBJET,156,Ouvert,,NON,143,140,
2.79219004732789,50.4550799312415,EMILE BASLY,218,0622480J,Ecole primaire Emile Basly,ECOLE PRIMAIRE PUBLIQUE,Public,7 rue Ferrer, , ,62750,LOOS EN GOHELLE,LOOS-EN-GOHELLE,685220.4,7039755,EPSG:2154,50.45507993,2.79219005,Parfaite,Numéro de rue,151,ECOLE DE NIVEAU ELEMENTAIRE,1,OUVERT,62,32,09,62528,Pas-de-Calais,Hauts-de-France,Lille,99,SANS OBJET,158,Ouvert,,NON,164,172,
2.71798196418226,50.458636741493,JEAN DE LA FONTAINE,219,0622916H,Ecole maternelle Jean de La Fontaine,ECOLE MATERNELLE PUBLIQUE,Public,Boulevard de la Cité 2, , ,62160,BULLY LES MINES,BULLY-LES-MINES,679944.1,7040167.6,EPSG:2154,50.45863674,2.71798196,Parfaite,Numéro de rue,101,ECOLE MATERNELLE,1,OUVERT,62,32,09,62186,Pas-de-Calais,Hauts-de-France,Lille,99,SANS OBJET,124,Ouvert,,NON,105,92,
2.68507135225176,50.4407394202708,JEANNETTE PRIN,220,0622937F,Ecole maternelle Jeannette Prin,ECOLE MATERNELLE PUBLIQUE,Public,Avenue du Prince, , ,62114,SAINS EN GOHELLE,SAINS-EN-GOHELLE,677595.7,7038182.7,EPSG:2154,50.44073942,2.68507135,Parfaite,Numéro de rue,101,ECOLE MATERNELLE,1,OUVERT,62,32,09,62737,Pas-de-Calais,Hauts-de-France,Lille,99,SANS OBJET,103,Ouvert,,NON,98,82,
2.80690782285111,50.4193355629168,HELENE BOUCHER,221,0623248U,Ecole maternelle Hélène Boucher,ECOLE MATERNELLE PUBLIQUE,Public,Rue Bernard Chochoy, , ,62300,ELEU DIT LEAUWETTE,ELEU-DIT-LEAUWETTE,686257.4,7035770.5,EPSG:2154,50.41933556,2.80690782,Parfaite,Numéro de rue,101,ECOLE MATERNELLE,1,OUVERT,62,32,09,62291,Pas-de-Calais,Hauts-de-France,Lille,99,SANS OBJET,50,Ouvert,,NON,48,58,
2.85773780168477,50.4949415021717,SUZANNE BLIN,222,0623368Z,Ecole primaire Suzanne Blin,ECOLE PRIMAIRE PUBLIQUE,Public,1  RUE URIANE SORRIAUX, , ,62410,WINGLES,WINGLES,689890.2,7044185.4,EPSG:2154,50.4949415,2.8577378,Parfaite,Numéro de rue,151,ECOLE DE NIVEAU ELEMENTAIRE,1,OUVERT,62,32,09,62895,Pas-de-Calais,Hauts-de-France,Lille,99,SANS OBJET,148,Ouvert,,NON,130,129,
2.72071397261717,50.4723725133694,BEUGNET-EVRARD,223,0623448L,Ecole primaire Beugnet-Evrard,ECOLE PRIMAIRE PUBLIQUE,Public,Rue Raoul Briquet, , ,62670,MAZINGARBE,MAZINGARBE,680143.8,7041697.1,EPSG:2154,50.47237251,2.72071397,Parfaite,Numéro de rue,151,ECOLE DE NIVEAU ELEMENTAIRE,1,OUVERT,62,32,09,62563,Pas-de-Calais,Hauts-de-France,Lille,99,SANS OBJET,215,Ouvert,,NON,212,206,
2.8076557533432,50.4840799643978,YVES COUSTEAU,224,0623532C,Ecole primaire Yves Cousteau,ECOLE PRIMAIRE PUBLIQUE,Public,Résidence les Mouettes,CITE CAMUS, ,62410,HULLUCH,HULLUCH,686328.2,7042982.9,EPSG:2154,50.48407996,2.80765575,Parfaite,Numéro de rue,151,ECOLE DE NIVEAU ELEMENTAIRE,1,OUVERT,62,32,09,62464,Pas-de-Calais,Hauts-de-France,Lille,99,SANS OBJET,111,Ouvert,,NON,101,101,
2.78646087383481,50.4124649537205,DES PETITS BOIS,225,0623538J,Ecole primaire Des Petits Bois,ECOLE PRIMAIRE PUBLIQUE,Public,Rue Léon Régnier, , ,62800,LIEVIN,LIEVIN,684800.1,7035008.9,EPSG:2154,50.41246495,2.78646087,Parfaite,Numéro de rue,151,ECOLE DE NIVEAU ELEMENTAIRE,1,OUVERT,62,32,09,62510,Pas-de-Calais,Hauts-de-France,Lille,99,SANS OBJET,161,Ouvert,,NON,151,159,
2.81021900328637,50.4418943137385,JEAN MACE,226,0623773P,Ecole primaire Jean Macé,ECOLE PRIMAIRE PUBLIQUE,Public,2 parvis de l'Eglise,CITE 12, ,62300,LENS,LENS,686499.1,7038282.9,EPSG:2154,50.44189431,2.810219,Parfaite,Numéro de rue,151,ECOLE DE NIVEAU ELEMENTAIRE,1,OUVERT,62,32,09,62498,Pas-de-Calais,Hauts-de-France,Lille,99,SANS OBJET,337,Ouvert,,NON,325,330,
2.80444265055104,50.4271246362168,SAINTE THERESE,227,0623783A,Ecole primaire privée Sainte Thérèse-Sacré-Cur,ECOLE PRIMAIRE PRIVEE,Privé,172 avenue Alfred Maes, , ,62300,LENS,LENS,686084.1,7036638.6,EPSG:2154,50.42712464,2.80444265,Parfaite,Numéro de rue,151,ECOLE DE NIVEAU ELEMENTAIRE,1,OUVERT,62,32,09,62498,Pas-de-Calais,Hauts-de-France,Lille,30,CONTRAT D'ASSOCIATION TOUTES CLASSES,801,Ouvert,,NON,784,777,
2.84538944509286,50.4510663272174,JULES FERRY,228,0623831C,Ecole primaire Jules Ferry,ECOLE PRIMAIRE PUBLIQUE,Public,34 rue de la Justice, , ,62880,VENDIN LE VIEIL,VENDIN-LE-VIEIL,689003.1,7039299.2,EPSG:2154,50.45106633,2.84538944,Parfaite,Numéro de rue,151,ECOLE DE NIVEAU ELEMENTAIRE,1,OUVERT,62,32,09,62842,Pas-de-Calais,Hauts-de-France,Lille,99,SANS OBJET,220,Ouvert,,NON,206,198,
2.86294823348645,50.4392072315565,FRANCOISE DOLTO,229,0624118P,Ecole primaire Françoise Dolto,ECOLE PRIMAIRE PUBLIQUE,Public,50 bis rue Léon Blum, , ,62218,LOISON SOUS LENS,LOISON-SOUS-LENS,690249.7,7037975.8,EPSG:2154,50.43920723,2.86294823,Parfaite,Numéro de rue,151,ECOLE DE NIVEAU ELEMENTAIRE,1,OUVERT,62,32,09,62523,Pas-de-Calais,Hauts-de-France,Lille,99,SANS OBJET,203,Ouvert,,NON,187,171,
2.8830016668021,50.4048907485971,JEAN MERMOZ,230,0624146V,Ecole primaire Jean Mermoz,ECOLE PRIMAIRE PUBLIQUE,Public,Rue de Douaumont, , ,62680,MERICOURT,MERICOURT,691670.7,7034150.8,EPSG:2154,50.40489075,2.88300167,Parfaite,Numéro de rue,151,ECOLE DE NIVEAU ELEMENTAIRE,1,OUVERT,62,32,09,62570,Pas-de-Calais,Hauts-de-France,Lille,99,SANS OBJET,179,Ouvert,,NON,171,181,
2.83494447922961,50.4446775764241,THERESE CAUCHE,231,0624461M,Ecole primaire Thérèse Cauche,ECOLE ELEMENTAIRE PUBLIQUE,Public,Rue Gustave Courbet, , ,62300,LENS,LENS,688258.7,7038589,EPSG:2154,50.44467758,2.83494448,Parfaite,Numéro de rue,151,ECOLE DE NIVEAU ELEMENTAIRE,1,OUVERT,62,32,09,62498,Pas-de-Calais,Hauts-de-France,Lille,99,SANS OBJET,334,Ouvert,,NON,332,330,
2.87521391912267,50.4125567871697,SAINT EXUPERY,232,0621432V,ECOLE PRIMAIRE PUBLIQUE SAINT EXUPERY,ECOLE PRIMAIRE PUBLIQUE,Public,Rue Saint Exupery,,,62680,MERICOURT,MERICOURT,,,,,,,IGN,151,ECOLE DE NIVEAU ELEMENTAIRE,1,OUVERT,62,32,09,62570,Pas-de-Calais,Hauts-de-France,Lille,99,SANS OBJET,0,Fermé,2019/08/31 00:00:00+00,NON,0,0,
2.81231586708066,50.4133067517304,MARCEL CACHIN,233,0622251K,ECOLE MATERNELLE PUBLIQUE MARCEL CACHIN,ECOLE MATERNELLE PUBLIQUE,Public,RUE DE VERSAILLES,,,62210,AVION,AVION,,,,,,,IGN,101,ECOLE MATERNELLE,1,OUVERT,62,32,09,62065,Pas-de-Calais,Hauts-de-France,Lille,99,SANS OBJET,0,Fermé,2017/08/31 00:00:00+00,NON,0,0,
2.76300999933961,50.4157870000108,ADRIENNE BERTELOOT,234,0622283V,ECOLE MATERNELLE PUBLIQUE ADRIENNE BERTELOOT,ECOLE MATERNELLE PUBLIQUE,Public,RUE BLANQUI,,,62800,LIEVIN,LIEVIN,,,,,,,IGN,101,ECOLE MATERNELLE,1,OUVERT,62,32,09,62510,Pas-de-Calais,Hauts-de-France,Lille,99,SANS OBJET,0,Fermé,2017/08/31 00:00:00+00,NON,0,0,
2.82938700039773,50.4453310003628,GEORGES LAPIERRE,235,0622413L,ECOLE PRIMAIRE PUBLIQUE GEORGES LAPIERRE,ECOLE PRIMAIRE PUBLIQUE,Public,Rue Andersen,,,62300,LENS,LENS,,,,,,,IGN,151,ECOLE DE NIVEAU ELEMENTAIRE,1,OUVERT,62,32,09,62498,Pas-de-Calais,Hauts-de-France,Lille,99,SANS OBJET,0,Fermé,2018/08/31 00:00:00+00,NON,0,0,
2.78806965945959,50.4165195130908,VILLAGE D'ENFANTS DE RIAUMONT,236,0624438M,ECOLE 2D DEGRE PROF.PRIVEE VILLAGE D'ENFANTS DE RIAUMONT,ECOLE 2D DEGRE PROF.PRIVEE,Privé,Rue THIERS,,,62800,LIEVIN,LIEVIN,,,,,,,IGN,,,1,OUVERT,62,32,09,62510,Pas-de-Calais,Hauts-de-France,Lille,99,SANS OBJET,0,Fermé,2019/08/31 00:00:00+00,NON,0,0,
