X,Y,objectid,id,date_maj,nom,statut,epn,nature,horaires_ouverture,email_contact,adresse,code_postal,commune,téléphone,site_internet,accès_équipement,type_équipement,conditions_accès_équipement,coût_accès_équipement,horaires_équipement,médiation_numérique,type_médiation_numérique,conditions_accès_médiation_numé,accompagnement_médiation_numéri,coût_accès_médiation_numérique,fréquence_médiation_numérique,horaires_médnum,démarches,démarches_spécifiques,type_démarches,conditions_accès_démarches,accompagnement_démarches,coût_accès_démarches,fréquence_démarches,horaires_démarches,stockage,coût_stockage,vente_matériel,type_vente_matériel,détail_publics,détail_territoire,accessibilité_pmr,accès_transports_en_commun,aptic,latitude,longitude,horaires_lundi,horaires_mardi,horaires_mercredi,horaires_jeudi,horaires_vendredi,horaires_samedi,horaires_dimanche,itinérance,france_services,département,arrondissement,epci,created_user,created_date,last_edited_user,last_edited_date,globalid
2.75920800009695,50.4069659998544,1,1569,2021/07/20 00:00:00+00,Médiathèque L'Embellie / cyberbase,Public,Non,Bibliothèque - Médiathèque,-----,s.mediatheque@angres.fr,Espace Jean Ferrat 8 rue des écoles,62143,Angres,03 91 83 45 85,https://angres-pom.c3rb.org/,Oui,Poste informatique connecté à internet,"Sur réservation, inscription ou prise de rendez-vous",gratuit,Aux horaires d'ouverture de la structure,Oui,-----,-----,-----,-----,-----,-----,Non,-----,-----,-----,-----,-----,-----,-----,Non,-----,Non,-----,-----,-----,Oui,Facile,chéques #APTIC acceptés,50.406966,2.759208,-----,9h30-12h 16h-18h30,9h30-12h 14h-18h30,16h-18h30,16h-18h30,9h30-12h,-----,-----,Non,Pas-de-Calais,Lens,CA de Lens - Liévin,AdminAgso,2022/07/26 09:04:59.639+00,AdminAgso,2022/07/26 09:04:59.639+00,37480280-a29d-49ac-abbe-1790f8ba5955
2.76315283416546,50.4067961502859,2,2128,2021/03/26 00:00:00+00,Le moulin de tous,Public,Non,"Collectivité territoriale, Ville, CCAS",-----,-----,58 b Rue Georges Clémenceau,62143,ANGRES,03 21 44 97 50,http://www.angres.fr,Oui,-----,-----,-----,-----,Oui,-----,-----,-----,-----,-----,-----,Oui,-----,-----,-----,-----,-----,-----,-----,Non,-----,Non,-----,-----,-----,-----,-----,chéques #APTIC acceptés,50.40679615,2.76315283,-----,-----,-----,-----,-----,-----,-----,-----,-----,Pas-de-Calais,Lens,CA de Lens - Liévin,AdminAgso,2022/07/26 09:04:59.639+00,AdminAgso,2022/07/26 09:04:59.639+00,0d76c7be-79ce-48c4-b8f5-220f4cf47ae7
2.87776699973628,50.4632100001527,3,0667,2018/11/01 00:00:00+00,Bibliotheque Municipale,Public,Non,Bibliothèque - Médiathèque,-----,angelique.heringuez@annaysouslens.fr,Place Roger Salengro,62880,Annay,03 21 43 98 27,http://www.bibliotheque.annaysouslens.fr,Oui,Accès à Internet dans la bibliothèque.,Accès libre,-----,-----,Non,-----,-----,-----,-----,-----,-----,Non,-----,-----,-----,-----,-----,-----,-----,Non,-----,Non,-----,Tout public,-----,-----,-----,-----,50.46321,2.877767,-----,-----,-----,-----,-----,-----,-----,-----,-----,Pas-de-Calais,Lens,CA de Lens - Liévin,AdminAgso,2022/07/26 09:04:59.639+00,AdminAgso,2022/07/26 09:04:59.639+00,ec48508f-b8e8-43bf-8dc7-43477e292b30
2.8771541126857,50.4625816347016,4,1804,2020/11/27 00:00:00+00,Accompagnement numérique - Mairie,Public,Non,"Collectivité territoriale, Ville, CCAS",-----,-----,Place Salengro,62880,Annay,03 21 13 44 20,http://www.annaysouslens.fr,Oui,-----,-----,-----,-----,Oui,-----,-----,-----,-----,-----,-----,Oui,Oui,-----,-----,-----,-----,-----,-----,Non,-----,Non,-----,-----,-----,-----,-----,chéques #APTIC acceptés,50.46258163,2.87715411,-----,-----,-----,-----,-----,-----,-----,-----,-----,Pas-de-Calais,Lens,CA de Lens - Liévin,AdminAgso,2022/07/26 09:04:59.639+00,AdminAgso,2022/07/26 09:04:59.639+00,30f67524-e91a-4ce4-be18-f7f597639990
2.83443200034983,50.4125930001335,5,0678,2018/11/01 00:00:00+00,Médiathèque Emile Zola,Public,Non,Bibliothèque - Médiathèque,-----,mediatheque-avion@wanadoo.fr,Place des droits de l'enfant,62210,Avion,03 21 79 44 98,http://www.mediatheque-avion.fr,Oui,Accès à Internet dans la bibliothèque.,Accès libre,-----,-----,Non,-----,-----,-----,-----,-----,-----,Non,-----,-----,-----,-----,-----,-----,-----,Non,-----,Non,-----,Tout public,-----,-----,-----,-----,50.412593,2.834432,-----,-----,-----,-----,-----,-----,-----,-----,-----,Pas-de-Calais,Lens,CA de Lens - Liévin,AdminAgso,2022/07/26 09:04:59.639+00,AdminAgso,2022/07/26 09:04:59.639+00,70945d72-d321-4a54-92a0-ab146906df05
2.82852600011799,50.4094090004243,6,1515,2019/02/19 00:00:00+00,Cyberbase d'Avion,Public,Oui,"Tiers-lieu & coworking, FabLab",mardi 17h30-19h mercredi 9h-12h 14h18h jeudi 18h-19h30 vendredi 17h30-19h samedi 09h-12h 14h-17h,avion.cyberbase@gmail.com,8 avenue Félix Cadras,62210,AVION,03 21 28 43 65,http://www.cyberbase.ville-avion.fr,Oui,"Un accès à un poste informatique connecté à internet, à une tablette connectée à internet, à un scanner, à une imprimante",Libre,En souscrivant à un abonnement ou une adhésion,mardi 17h30-19h mercredi 9h-12h 14h18h jeudi 18h-19h30 vendredi 17h30-19h samedi 09h12h 14h17h,Oui,"L'utilisation du poste informatique, L'utilisation d'outils bureautiques et de communication, L'utilisation de services dématérialisés en ligne, La création et publication de contenus en ligne (vidéos, blogs, sites), L'utilisation des réseaux sociaux, L'utilisation de terminaux (tablette, téléphone, imprimantes, scanner), L'utilisation de plateformes d'apprentissage (tutoriels, MOOC), La sensibilisation aux cultures et usages du numérique","Sur réservation, inscription ou prise de rendez-vous","Individuel, En groupe",En souscrivant à un abonnement ou une adhésion,Quotidienne,mardi 17h30-19h jeudi 18h19h30 17h30-19h,Oui,"Non, nous accompagnons tous types de démarches","Citoyenneté - État-civil (Carte d'identité, acte de naissance, passeport...), Social (Allocations familiales, RSA...), Emploi (Recherche d'emploi, création d'entreprise...), Retraite (Allocations retraite...), Fiscalité (Impôts...), Logement (Allocations logement, permis de construire, fin de bail...), Transports (Carte grise, permis de conduire...)",Libre,Individuel,En souscrivant à un abonnement ou une adhésion,Occasionnelle,mercredi 09h 12h 14h18h samedi 09h-12h 14h 17h,Oui,En souscrivant à un abonnement ou une adhésion,Non,-----,"séniors, demandeurs d'emploi",-----,Oui,Facile,chéques #APTIC acceptés,50.409409,2.828526,-----,-----,-----,-----,-----,-----,-----,-----,-----,Pas-de-Calais,Lens,CA de Lens - Liévin,AdminAgso,2022/07/26 09:04:59.639+00,AdminAgso,2022/07/26 09:04:59.639+00,41aff133-c1bf-469c-81b0-28ed2a4592e9
2.83373480312146,50.3998812989377,7,2166,2021/07/02 00:00:00+00,Maison des Habitants Léandre LETOQUART,Public,Non,"Centre social, Maison de quartier",-----,maisonhabitants-avion@orange.fr,Place de la République - Boulevard Anatole France,62210,AVION,03 21 75 25 91,http://www.ville-avion.fr,Oui,"Poste informatique connecté à internet, Scanner, Imprimante","Libre, Sur réservation, inscription ou prise de rendez-vous",gratuit,Aux horaires d'ouverture de la structure,Oui,"L'utilisation d'outils bureautiques et de communication,  L'utilisation de services dématérialisés en ligne,  L'utilisation des réseaux sociaux,  L'utilisation de terminaux (tablette, téléphone, imprimantes, scanner)","Libre, Sur réservation, inscription ou prise de rendez-vous",Individuel,gratuit,Quotidienne,Aux horaires d'ouverture de la structure,Oui,"Non, accompagnement à tous types de démarches",-----,Libre,Individuellement,gratuit,Quotidienne,Aux horaires d'ouverture de la structure,Non,-----,Non,-----,-----,A destination des Habitants du quartier République - Cité Quatre d'Avion et aux autres habitants de la Commune d'AVION.,Oui,Très facile,-----,50.3998813,2.8337348,13h45 à 17h30,8h à 12h - 13h45 à 17h30,8h à 12h - 13h45 à 17h30,8h à 12h - 13h45 à 17h30,8h à 12h - 13h45 à 17h30,-----,-----,-----,-----,Pas-de-Calais,Lens,CA de Lens - Liévin,AdminAgso,2022/07/26 09:04:59.639+00,AdminAgso,2022/07/26 09:04:59.639+00,75c2e047-7387-4438-bb8b-4b49fa08ac59
2.83552399945297,50.4011710000112,8,2237 - APTIC,2021/09/20 00:00:00+00,Sportich dominique,Privé,Non,Autre,-----,-----,"3 Boulevard Anatole France,",62210,Avion,06 30 54 56 61,-----,Oui,-----,-----,-----,-----,Oui,-----,-----,-----,-----,-----,-----,Oui,Oui,-----,-----,-----,-----,-----,-----,Non,-----,Non,-----,-----,-----,-----,-----,chéques #APTIC acceptés,50.401171,2.835524,-----,-----,-----,-----,-----,-----,-----,-----,-----,Pas-de-Calais,Lens,CA de Lens - Liévin,AdminAgso,2022/07/26 09:04:59.639+00,AdminAgso,2022/07/26 09:04:59.639+00,d5a22d81-f404-4fec-8791-e46a956e40e9
2.91238199940774,50.4149139996581,9,0687,2018/11/01 00:00:00+00,Médiathèque,Public,Non,Bibliothèque - Médiathèque,-----,mediatheque.mandela@billymontigny.fr,rue Pasteur,62420,Billy-Montigny,03 21 49 08 59,http://www.billy-montigny.c3rb.org,Oui,Accès à Internet dans la bibliothèque.,Accès libre,-----,-----,Non,-----,-----,-----,-----,-----,-----,Non,-----,-----,-----,-----,-----,-----,-----,Non,-----,Non,-----,Tout public,-----,-----,-----,-----,50.414914,2.912382,-----,-----,-----,-----,-----,-----,-----,-----,-----,Pas-de-Calais,Lens,CA de Lens - Liévin,AdminAgso,2022/07/26 09:04:59.639+00,AdminAgso,2022/07/26 09:04:59.639+00,42634aac-2e18-41de-8332-def681aa8f52
2.9172929999625,50.4129850001254,10,1556,2019/02/28 00:00:00+00,Espace cyber-base de Billy-Montigny,Public,Oui,"Tiers-lieu & coworking, FabLab","Pour le public    Mardi, jeudi, vendredi 17h-19h   Mercredi 14h-19h   Samedi 9h-12h   Fermeture au mois de juillet et la semaine de Noël-Nouvel An      Pour les écoles   Mardi, Jeudi, Vendredi 9h-12h",cyberbase@billy-montigny.fr,rue Jules Guesde,62420,Billy-Montigny,09 64 14 33 62 (uniquement aux heures d'ouverture au public),-----,Oui,"Un accès à un poste informatique connecté à internet, à une tablette connectée à internet, à un scanner, à une imprimante",Libre,"Gratuit, En souscrivant à un abonnement ou une adhésion",Mercredi de 16h à 19h et samedi 9h à 12h,Oui,"L'utilisation du poste informatique, L'utilisation d'outils bureautiques et de communication, L'utilisation de services dématérialisés en ligne, L'utilisation des réseaux sociaux, L'utilisation de terminaux (tablette, téléphone, imprimantes, scanner), La sensibilisation aux cultures et usages du numérique","Sur réservation, inscription ou prise de rendez-vous",En groupe,"Gratuit, En souscrivant à un abonnement ou une adhésion",Hebdomadaire,"Mardi, jeudi, vendredi 17h-19h et mercredi 14h-16h",Oui,"Non, nous accompagnons tous types de démarches","Citoyenneté - État-civil (Carte d'identité, acte de naissance, passeport...), Fiscalité (Impôts...), Transports (Carte grise, permis de conduire...)","Libre, Sur réservation, inscription ou prise de rendez-vous","Individuel, En groupe","Gratuit, En souscrivant à un abonnement ou une adhésion",Mensuelle,-----,Non,-----,Non,-----,-----,-----,Oui,Très difficile,chéques #APTIC acceptés,50.412985,2.917293,-----,-----,-----,-----,-----,-----,-----,-----,-----,Pas-de-Calais,Lens,CA de Lens - Liévin,AdminAgso,2022/07/26 09:04:59.639+00,AdminAgso,2022/07/26 09:04:59.639+00,d3dfb622-b768-4c72-b955-4a446368e79b
2.73596835125775,50.4404907228496,11,1856,2021/01/25 00:00:00+00,Maison de quartier Jean Mace,Public,Non,"Centre social, Maison de quartier",-----,-----,Boulevard Jean-jacques Rousseau,62160,Bully-les-Mines,-----,http://www.bullylesmines.fr/,Oui,-----,-----,-----,-----,Non,-----,-----,-----,-----,-----,-----,Non,-----,-----,-----,-----,-----,-----,-----,Non,-----,Non,-----,-----,-----,-----,-----,chéques #APTIC acceptés,50.44049072,2.73596835,-----,-----,-----,-----,-----,-----,-----,-----,-----,Pas-de-Calais,Lens,CA de Lens - Liévin,AdminAgso,2022/07/26 09:04:59.639+00,AdminAgso,2022/07/26 09:04:59.639+00,868421da-b5f7-48fa-95ac-567bacdc5b05
2.8123388443807,50.4201988121658,12,2127,2021/03/26 00:00:00+00,Espace Public Numérique (Cyberbase),Public,Oui,"Collectivité territoriale, Ville, CCAS",-----,-----,Rue Pierre Brossolette,62300,Éleu-dit-Leauwette,03 21 28 40 97,http://www.eleuditleauwette.fr/vie-locale/culture-2,Oui,-----,-----,-----,-----,Oui,-----,-----,-----,-----,-----,-----,Oui,-----,-----,-----,-----,-----,-----,-----,Non,-----,Non,-----,-----,-----,-----,-----,chéques #APTIC acceptés,50.42019881,2.81233884,-----,-----,-----,-----,-----,-----,-----,-----,-----,Pas-de-Calais,Lens,CA de Lens - Liévin,AdminAgso,2022/07/26 09:04:59.639+00,AdminAgso,2022/07/26 09:04:59.639+00,3ad83295-99da-4841-bde0-b94395d5f676
2.91338579994009,50.4298965001525,13,1824,2020/12/08 00:00:00+00,Accompagnement numérique - Mairie,Public,Non,"Collectivité territoriale, Ville, CCAS",-----,-----,"35, Rue Pasteur",62740,Fouquières-lès-Lens,-----,-----,Oui,-----,-----,-----,-----,Oui,-----,-----,-----,-----,-----,-----,Oui,Oui,-----,-----,-----,-----,-----,-----,Non,-----,Non,-----,-----,-----,-----,-----,chéques #APTIC acceptés,50.4298965,2.9133858,-----,-----,-----,-----,-----,-----,-----,-----,-----,Pas-de-Calais,Lens,CA de Lens - Liévin,AdminAgso,2022/07/26 09:04:59.639+00,AdminAgso,2022/07/26 09:04:59.639+00,b78c8775-da87-436e-937c-44c3b07d8d96
2.91094700017312,50.4303570000993,14,1573,2021/07/13 00:00:00+00,Bibliothèque Jules Mousseron,Public,Oui,Bibliothèque - Médiathèque,-----,bibliotheque@fouquieres.fr,18 bis rue Pasteur,62740,FOUQUIERES-LEZ-LENS,03 21 49 60 96,-----,Oui,"Un accès à un poste informatique connecté à internet, à un scanner et à une imprimante",Libre,Gratuit,aux heures d'ouverture de la bibliothèque,Non,-----,-----,-----,-----,-----,-----,Oui,Non,"Citoyenneté - État-civil (Carte d'identité, acte de naissance, passeport...), Social (Allocations familiales, RSA...), Santé (Carte Vitale, handicap...), Emploi (Recherche d'emploi, création d'entreprise...), Retraite (Allocations retraite...), Fiscalité (Impôts...)",Libre,Individuel,Gratuit,Occasionnelle,aux heures d'ouverture,Non,-----,Non,-----,"séniors, personnes handicapées, demandeurs d'emploi et jeunes",-----,Oui,Facile,-----,50.430357,2.910947,13h30-18h,9h-12h et 13h30-18h,9h-12h et 13h30-18h,9h-12h et 13h30-18h,9h-12h et 13h30-18h,9h-12h et 14h-17h,-----,-----,-----,Pas-de-Calais,Lens,CA de Lens - Liévin,AdminAgso,2022/07/26 09:04:59.639+00,AdminAgso,2022/07/26 09:04:59.639+00,5ef8e470-7280-4bc4-9d86-7525efb8f51f
2.89967790045452,50.4227430000394,15,1702,2021/07/20 00:00:00+00,Cyber-base Louvre-Lens du Transvaal,Public,Oui,"Tiers-lieu & coworking, FabLab",Juillet-Aout : Lundi 16h30-18h30,epn@fouquieres.fr,146 rue du Général Leclerc,62740,Fouquières-Lez-Lens,-----,https://epn.fouquieres.fr,Oui,"Poste informatique connecté à internet, Tablette connectée à internet, Scanner, Imprimante","Sur réservation, inscription ou prise de rendez-vous","gratuit, accessible en souscrivant à un abonnement ou une adhésion",Aux horaires d'ouverture de la structure,Oui,"L'utilisation du poste informatique, L'utilisation d'outils bureautiques et de communication, L'utilisation de services dématérialisés en ligne, La création et publication de contenus en ligne (vidéos, blogs, sites), L'utilisation des réseaux sociaux, L'utilisation de terminaux (tablette, téléphone, imprimantes, scanner), La sensibilisation aux cultures et usages du numérique","Sur réservation, inscription ou prise de rendez-vous","Individuel, En groupe","gratuit, accessible en souscrivant à un abonnement ou une adhésion",Quotidienne,Aux horaires d'ouverture de la structure,Oui,"Non, accompagnement à tous types de démarches","Citoyenneté - État-civil (Carte d'identité, acte de naissance, passeport...), Social (Allocations familiales, RSA...), Emploi (Recherche d'emploi, création d'entreprise...), Retraite (Allocations retraite...), Fiscalité (Impôts...), Justice (Dépôt de plainte, casier judiciaire...), Logement (Allocations logement, permis de construire, fin de bail...), Transports (Carte grise, permis de conduire...), Loisirs (Culture, sport, vie associative...)","Sur réservation, inscription ou prise de rendez-vous",Individuel,"gratuit, accessible en souscrivant à un abonnement ou une adhésion",Hebdomadaire,"Lundi matin, mercredi matin, vendredi soir",Non,-----,Non,-----,Séniors,résidents de la commune,Oui,Facile,chéques #APTIC acceptés,50.422743,2.8996779,10h30 - 12h,16h30 - 18h30,"9h - 12h, 14h - 17h",16h30 - 18h30,16h30 - 18h30,-----,-----,-----,Non,Pas-de-Calais,Lens,CA de Lens - Liévin,AdminAgso,2022/07/26 09:04:59.639+00,AdminAgso,2022/07/26 09:04:59.639+00,89c55084-57ea-4852-8b4d-53cdecbc33c5
2.73803600022947,50.4490289999921,16,0732,2018/11/01 00:00:00+00,Médiathèque-Estaminet,Public,Non,Bibliothèque - Médiathèque,-----,mediathequeestaminet@grenay.fr,2 ter Rue Jules Guesde,62160,Grenay,03 66 54 00 54,http://mediatheque-estaminet.fr/,Oui,Accès à Internet dans la bibliothèque.,Accès libre,-----,-----,Oui,-----,-----,-----,-----,-----,-----,Non,-----,-----,-----,-----,-----,-----,-----,Non,-----,Non,-----,Tout public,-----,-----,-----,chéques #APTIC acceptés,50.449029,2.738036,-----,-----,-----,-----,-----,-----,-----,-----,-----,Pas-de-Calais,Lens,CA de Lens - Liévin,AdminAgso,2022/07/26 09:04:59.639+00,AdminAgso,2022/07/26 09:04:59.639+00,0407602e-dac1-4cfb-9b9d-3e14095ad835
2.90450704936024,50.444318793208,17,1853,2021/01/25 00:00:00+00,point information jeunesse,Public,Non,"Collectivité territoriale, Ville, CCAS",-----,-----,25 bis Rue des Fusillé,62440,Harnes,-----,https://www.ville-harnes.fr,Oui,Mise à disposition de matériel informatique,-----,-----,-----,Non,-----,-----,-----,-----,-----,-----,Non,-----,-----,-----,-----,-----,-----,-----,Non,-----,Non,-----,-----,-----,-----,-----,chéques #APTIC acceptés,50.44431879,2.90450705,-----,-----,-----,-----,-----,-----,-----,-----,-----,Pas-de-Calais,Lens,CA de Lens - Liévin,AdminAgso,2022/07/26 09:04:59.639+00,AdminAgso,2022/07/26 09:04:59.639+00,42b51873-7d2f-45df-bce3-e3b5167b1781
2.90373726975193,50.443864993978,18,1891,2021/02/17 00:00:00+00,Service de Prévention Spécialisée Avenir des Cités,Privé,Oui,Association,10 à 12h et de 14h à 18h,club.d.cites@gmail.com,19 bis rue des Fusillés BP40,62440,Harnes,03 61 93 11 38,http://www.avenirdescites.fr,Oui,"Poste informatique sans connexion à internet, Poste informatique connecté à internet, Tablette sans connexion à internet, Tablette connectée à internet, Scanner, Imprimante","Sur réservation, inscription ou prise de rendez-vous",Gratuit,Aux horaires d'ouverture de la structure,Oui,"L'utilisation du poste informatique, L'utilisation d'outils bureautiques et de communication, L'utilisation de services dématérialisés en ligne, La création et publication de contenus en ligne (vidéos, blogs, sites), L'utilisation des réseaux sociaux, L'utilisation de terminaux (tablette, téléphone, imprimantes, scanner), L'utilisation de plateformes d'apprentissage (tutoriels, MOOC), La sensibilisation aux cultures et usages du numérique","Sur réservation, inscription ou prise de rendez-vous","Individuel, En groupe",Gratuit,Quotidienne,Aux horaires d'ouverture de la structure,Oui,Oui,"Citoyenneté - État-civil (Carte d'identité, acte de naissance, passeport...), Social (Allocations familiales, RSA...), Santé (Carte Vitale, handicap...), Emploi (Recherche d'emploi, création d'entreprise...), Retraite (Allocations retraite...), Fiscalité (Impôts...), Justice (Dépôt de plainte, casier judiciaire...), Étrangers (Titres de séjour, attestation d'accueil...), Logement (Allocations logement, permis de construire, fin de bail...), Transports (Carte grise, permis de conduire...), Loisirs (Culture, sport, vie associative...)","Sur réservation, inscription ou prise de rendez-vous","Individuel, En groupe",gratuit,Quotidienne,Aux horaires d'ouverture de la structure,Non,-----,Non,-----,"jeunes, demandeurs d'emplois, NEET, scolarisés ou non scolarisé",Harnes Billy Montigny et Sallaumines,Non,Très facile,-----,50.44386499,2.90373727,-----,-----,-----,-----,-----,-----,-----,-----,-----,Pas-de-Calais,Lens,CA de Lens - Liévin,AdminAgso,2022/07/26 09:04:59.639+00,AdminAgso,2022/07/26 09:04:59.639+00,697d8e69-8df1-43bd-9b1d-f6d43e5f9d42
2.88110858835607,50.445138268196,19,2126,2021/03/26 00:00:00+00,Maison des initiatives citoyennes,Public,Non,"Centre social, Maison de quartier",-----,-----,Chemin de la 2e Voie,62440,Harnes,03 21 67 43 10,https://www.ville-harnes.fr/site/la-mic/,Oui,-----,-----,-----,-----,Oui,-----,-----,-----,-----,-----,-----,Oui,-----,-----,-----,-----,-----,-----,-----,Non,-----,Non,-----,-----,-----,-----,-----,chéques #APTIC acceptés,50.44513827,2.88110859,-----,-----,-----,-----,-----,-----,-----,-----,-----,Pas-de-Calais,Lens,CA de Lens - Liévin,AdminAgso,2022/07/26 09:04:59.639+00,AdminAgso,2022/07/26 09:04:59.639+00,fe445476-f8ef-4eb4-815a-e26eceb1df33
2.82333899950604,50.4308599998668,20,0013,2018/11/01 00:00:00+00,Point d'accueil numérique - Sous-Préfecture de Lens,Public,Non,"Services publiques (CAF, CPAM, CARSAT, MSA, Finances publiques...)",Du lundi au vendredi : 08:30-11:45 et 13:30-16:30,-----,25 rue du 11 novembre,62307,Lens,-----,http://www.pas-de-calais.gouv.fr/Actualites/Actualites/Les-points-d-accueil-numerique-a-la-prefecture-et-dans-les-sous-prefectures,Oui,Accès libre à un ordinateur avec accès aux sites internet dédiés aux téléprocédures,Accès libre,Gratuit,-----,Non,-----,-----,-----,-----,-----,-----,Oui,-----,-----,Tout public,Individuel,-----,-----,-----,Non,-----,Non,-----,Tout public,-----,Oui,-----,-----,50.43086,2.823339,-----,-----,-----,-----,-----,-----,-----,-----,-----,Pas-de-Calais,Lens,CA de Lens - Liévin,AdminAgso,2022/07/26 09:04:59.639+00,AdminAgso,2022/07/26 09:04:59.639+00,65409224-f196-45ce-886e-1c918c548690
2.82930400045704,50.4266109998639,21,0519,2021/06/08 00:00:00+00,France Services - PIMMS Lens,Privé,Non,Maison de Service au Public (MSAP),-----,lens@pimms.org,49 place du Général De Gaulle,62300,Lens,03 21 28 78 17,-----,Oui,Mise à disposition d'ordinateurs avec connexion internet    Reliés à l’imprimante et au scanner,Accès libre,Gratuit,-----,Oui,Accès libre avec possibilité d'être accompagné si besoin,-----,Individuel,Gratuit,-----,-----,Oui,Oui,"La labellisation France Services permet au minimum de réaliser ses démarches auprès de la Caisse d'allocations familiales (CAF), les ministères de l'Intérieur et de la Justice, les services des impôts et de la direction générale des Finances publiques (DGFIP) , la Caisse nationale d'assurance vieillesse (CNAV), la Caisse nationale d'assurance maladie (sécurité sociale) , la Mutualité sociale agricole (MSA), Pôle emploi et La Poste. Des services des collectivités territoriales ou d’autres partenaires (SNCF, banques) peuvent être proposés.",-----,Individuel,Gratuit,-----,-----,Non,-----,Non,-----,Tout public,-----,Oui,-----,-----,50.426611,2.829304,13:30 - 17:15,9:00 - 12:00 / 13:30 - 17:15,9:00 - 18:00,9:00 - 12:00 / 13:30 - 17:15,9:00 - 12:00 / 13:30 - 17:15,-----,-----,-----,Oui,Pas-de-Calais,Lens,CA de Lens - Liévin,AdminAgso,2022/07/26 09:04:59.639+00,AdminAgso,2022/07/26 09:04:59.639+00,c86ac961-d3da-4fba-afb6-a7f314c44491
2.82046600007506,50.4336499997754,22,0747,2018/11/01 00:00:00+00,Mediatheque Municipale Robert Cousin,Public,Non,Bibliothèque - Médiathèque,-----,dbourgeois@mairie-lens.fr,13D route de Béthune,62300,Lens,03 21 69 08 30,-----,Oui,Accès à Internet dans la bibliothèque.,Accès libre,-----,-----,Non,-----,-----,-----,-----,-----,-----,Non,-----,-----,-----,-----,-----,-----,-----,Non,-----,Non,-----,Tout public,-----,-----,-----,-----,50.43365,2.820466,-----,-----,-----,-----,-----,-----,-----,-----,-----,Pas-de-Calais,Lens,CA de Lens - Liévin,AdminAgso,2022/07/26 09:04:59.639+00,AdminAgso,2022/07/26 09:04:59.639+00,e7a802fa-b57d-4cb5-9a09-7f0185a661cb
2.82507099938742,50.4283509996285,23,1299,2021/06/02 00:00:00+00,Agence Pôle Emploi LENS GARE,Public,Non,"Pôle Emploi, Mission Locale",SANS RENDEZ-VOUS du lundi au jeudi : 08h30 -12h45 et vendredi 9h00 -12h00 / AVEC  RENDEZ VOUS du lundi au jeudi : 12h45 - 16h30,-----,48 rue Jean Letienne,62300,LENS,-----,https://www.pole-emploi.fr/accueil/,Oui,Pôle Emploi propose dans ses locaux un espace disposant d'équipements informatiques accessibles librement par les usagers pour réaliser leurs démarches Pôle Emploi en ligne.,Accès libre,Gratuit,Accès aux horaires d'ouverture,Non,-----,-----,-----,-----,-----,-----,Oui,Oui,"Emploi (Recherche d'emploi, création d'entreprise...)",-----,Individuel,Gratuit,-----,-----,Non,-----,Non,-----,Demandeurs d'emploi,-----,-----,-----,-----,50.428351,2.825071,-----,-----,-----,-----,-----,-----,-----,-----,-----,Pas-de-Calais,Lens,CA de Lens - Liévin,AdminAgso,2022/07/26 09:04:59.639+00,AdminAgso,2022/07/26 09:04:59.639+00,d96d4a27-4743-4537-992f-bab3b481c455
2.83714999963083,50.4377150004082,24,1300,2021/06/02 00:00:00+00,Agence Pôle Emploi LENS LALOUX,Public,Non,"Pôle Emploi, Mission Locale",SANS RENDEZ-VOUS du lundi au jeudi : 08h30 -12h45 et vendredi 9h00 -12h00 / AVEC  RENDEZ VOUS du lundi au jeudi : 12h45 - 16h30,-----,20 rue Hector Laloux,62300,LENS,-----,https://www.pole-emploi.fr/accueil/,Oui,Pôle Emploi propose dans ses locaux un espace disposant d'équipements informatiques accessibles librement par les usagers pour réaliser leurs démarches Pôle Emploi en ligne.,Accès libre,Gratuit,Accès aux horaires d'ouverture,Non,-----,-----,-----,-----,-----,-----,Oui,Oui,"Emploi (Recherche d'emploi, création d'entreprise...)",-----,Individuel,Gratuit,-----,-----,Non,-----,Non,-----,Demandeurs d'emploi,-----,-----,-----,-----,50.437715,2.83715,-----,-----,-----,-----,-----,-----,-----,-----,-----,Pas-de-Calais,Lens,CA de Lens - Liévin,AdminAgso,2022/07/26 09:04:59.639+00,AdminAgso,2022/07/26 09:04:59.639+00,26e339e1-15bf-4e9f-ac4f-1581ea547873
2.83455491137876,50.444252013695,25,1805,2020/11/27 00:00:00+00,centre centre socioculturel Alexandre Dumas,Public,Non,"Centre social, Maison de quartier",Du lundi au vendredi : 09:00-12:30 et 13:30-17:00 / Samedi : 10:00-12:00,-----,Rue Gustave Courbet,62300,Lens,03 21 77 45 60,-----,Oui,Le Centre Socio-Culturel Dumas dispose de six ordinateurs en accès libre aux horaires d’ouverture du centre (hors périodes d’utilisation de la salle).,Accès libre,Gratuit,-----,Oui,"Le Centre propose une initiation à l'informatique pour les adhérents du centre. Cette activité permet d’apprendre les bases de l'ordinateur, de la bureautique ou encore Internet. Les usagers viennent quand ils le souhaitent et avec leurs demandes concernant l'outil.",Accès libre,Personnalisé,Gratuit,-----,-----,Non,-----,-----,-----,-----,-----,-----,-----,Non,-----,Non,-----,-----,-----,-----,-----,chéques #APTIC acceptés,50.44425201,2.83455491,-----,-----,-----,-----,-----,-----,-----,-----,-----,Pas-de-Calais,Lens,CA de Lens - Liévin,AdminAgso,2022/07/26 09:04:59.639+00,AdminAgso,2022/07/26 09:04:59.639+00,86176b6d-72e0-4b64-9c5a-fe6ab5cb66eb
2.83166384668427,50.4307670592505,26,1806,2020/11/27 00:00:00+00,Coop Connexion,Privé,Oui,"Tiers-lieu & coworking, FabLab",-----,-----,18 Rue Victor Picard,62300,Lens,09 67 85 42 82,http://coopconnexion.fr/,Oui,-----,-----,-----,-----,Oui,-----,-----,-----,-----,-----,-----,Oui,Oui,-----,-----,-----,-----,-----,-----,Non,-----,Non,-----,-----,-----,-----,-----,chéques #APTIC acceptés,50.43076706,2.83166385,-----,-----,-----,-----,-----,-----,-----,-----,-----,Pas-de-Calais,Lens,CA de Lens - Liévin,AdminAgso,2022/07/26 09:04:59.639+00,AdminAgso,2022/07/26 09:04:59.639+00,971ea2e0-f211-40f1-8ba7-bb4694276d6e
2.8111951997745,50.4250431996028,27,1807,2020/11/27 00:00:00+00,Centre socioculturel François Vachala,Public,Non,"Centre social, Maison de quartier",-----,-----,Rue Saint Anatole,62300,Lens,03 21 77 45 55,-----,Oui,-----,-----,-----,-----,Oui,-----,-----,-----,-----,-----,-----,Oui,Oui,-----,-----,-----,-----,-----,-----,Non,-----,Non,-----,-----,-----,-----,-----,chéques #APTIC acceptés,50.4250432,2.8111952,-----,-----,-----,-----,-----,-----,-----,-----,-----,Pas-de-Calais,Lens,CA de Lens - Liévin,AdminAgso,2022/07/26 09:04:59.639+00,AdminAgso,2022/07/26 09:04:59.639+00,d65cd166-a259-4c1d-ba9d-261d1422465e
2.80580520034597,50.4247563001245,28,1808,2020/11/27 00:00:00+00,Espace public numérique maes,Public,Oui,France Service,"lundi, mardi, jeudi, vendredi de 16h45, mercredi de 14h à 18h",epn.maes@gmail.com,école Alfred Maes - Rue Jules Ferry,62300,Lens,03 21 43 78 50,-----,Oui,Poste informatique connecté à internet,Libre,Gratuit,Aux horaires d'ouverture de la structure,Oui,"L'utilisation du poste informatique, L'utilisation d'outils bureautiques et de communication, L'utilisation de services dématérialisés en ligne, La création et publication de contenus en ligne (vidéos, blogs, sites), L'utilisation des réseaux sociaux, L'utilisation de terminaux (tablette, téléphone, imprimantes, scanner), L'utilisation de plateformes d'apprentissage (tutoriels, MOOC), La sensibilisation aux cultures et usages du numérique, La fabrication d'objets numériques (robots, 3D), programmation","Sur réservation, inscription ou prise de rendez-vous","Individuel, En groupe",Gratuit,Quotidienne,sur rendez-vous,Oui,Oui,"La labellisation France Services permet au minimum de réaliser ses démarches auprès de la Caisse d'allocations familiales (CAF), les ministères de l'Intérieur et de la Justice, les services des impôts et de la direction générale des Finances publiques (DGFIP) , la Caisse nationale d'assurance vieillesse (CNAV), la Caisse nationale d'assurance maladie (sécurité sociale) , la Mutualité sociale agricole (MSA), Pôle emploi et La Poste. Des services des collectivités territoriales ou d’autres partenaires (SNCF, banques) peuvent être proposés.","Sur réservation, inscription ou prise de rendez-vous",Individuel,gratuit,Quotidienne,sur rendez-vous,Non,-----,Non,-----,"demandeurs d'empoi, handicapé-e-s, séniors",-----,Oui,Très facile,chéques #APTIC acceptés,50.4247563,2.8058052,-----,-----,-----,-----,-----,-----,-----,-----,Oui,Pas-de-Calais,Lens,CA de Lens - Liévin,AdminAgso,2022/07/26 09:04:59.639+00,AdminAgso,2022/07/26 09:04:59.639+00,5a1d83ca-ad0a-4569-b4c7-b616f196fad6
2.82259464235293,50.4216232297302,29,1855,2021/01/25 00:00:00+00,anaf didactif,Public,Non,Association,-----,-----,16 Rue du Gard,62300,Lens,-----,https://www.anaf-didactif.fr/,Non,-----,-----,-----,-----,Oui,-----,-----,-----,-----,-----,-----,Non,-----,-----,-----,-----,-----,-----,-----,Non,-----,Non,-----,-----,-----,-----,-----,chéques #APTIC acceptés,50.42162323,2.82259464,-----,-----,-----,-----,-----,-----,-----,-----,-----,Pas-de-Calais,Lens,CA de Lens - Liévin,AdminAgso,2022/07/26 09:04:59.639+00,AdminAgso,2022/07/26 09:04:59.639+00,91347b81-9025-4de1-b5e3-b290fd6da1d3
2.81113768968976,50.4434004429576,30,2130,2021/03/26 00:00:00+00,centre socioculturel annie flament,Public,Non,"Centre social, Maison de quartier",-----,-----,67 Rue Auguste Lefebvre,62300,Lens,03 21 76 09 23,https://villedelens.fr/mes-services/solidarit%C3%A9/centres-socioculturels/,Oui,-----,-----,-----,-----,Oui,-----,-----,-----,-----,-----,-----,Oui,-----,-----,-----,-----,-----,-----,-----,Non,-----,Non,-----,-----,-----,-----,-----,chéques #APTIC acceptés,50.44340044,2.81113769,-----,-----,-----,-----,-----,-----,-----,-----,-----,Pas-de-Calais,Lens,CA de Lens - Liévin,AdminAgso,2022/07/26 09:04:59.639+00,AdminAgso,2022/07/26 09:04:59.639+00,24cec2c0-bf6a-4d5c-9180-6c4893b2ed39
2.83316143126149,50.4298725004061,31,2131,2021/03/26 00:00:00+00,centre communal d'action sociale,Public,Non,"Collectivité territoriale, Ville, CCAS",Du lundi au vendredi de 9h à 12h30 et de 14h à 17h,ccaslens@mairie-lens.fr,2 Rue Bayard,62300,Lens,03 21 14 25 70,https://villedelens.fr/mes-services/solidarit%C3%A9/ccas-alfred-soriaux/,Oui,-----,-----,-----,-----,Oui,-----,-----,-----,-----,-----,-----,Oui,-----,-----,-----,-----,-----,-----,-----,Non,-----,Non,-----,-----,-----,-----,-----,chéques #APTIC acceptés,50.4298725,2.83316143,-----,-----,-----,-----,-----,-----,-----,-----,-----,Pas-de-Calais,Lens,CA de Lens - Liévin,AdminAgso,2022/07/26 09:04:59.639+00,AdminAgso,2022/07/26 09:04:59.639+00,e7696b7c-f3c2-4821-98d4-5b0ae0874bfc
2.83545112907133,50.4362890977711,32,2456,2022/05/19 00:00:00+00,Finances Publiques,Public,Non,"Services publiques (CAF, CPAM, CARSAT, MSA, Finances publiques...)",(accueil possible sur rendez-vous),-----,7 rue Louis Armand,62300,Lens,08 09 40 14 01,http://www.impots.gouv.fr/,Oui,"Accès libre à un ordinateur  accès aux sites internet dédiés aux services en ligne des finances publiques : déclarer ses revenus, payer ses impôts, taxes ou amendes / obtenir un document ou un renseignement fiscal / signaler un changement de situation (déménagement, mariage ou PACS ou divorce ou séparation, personnes à charge, perte d'emploi,…) / gérer son patrimoine (achat ou vente de bien immobilier, donations, travaux immobiliers, achat de valeurs mobilières,…) / présenter un recours devant la DGFIP (réclamation, déclaration corrective, difficultés de paiement,…).",Accès libre - Possible sur rendez vous pour les questions complexes,Gratuit,-----,Non,-----,-----,-----,-----,-----,-----,Oui,-----,Il est possible d'être accompagné pour réaliser ses démarches.,Accès libre - Possible sur rendez vous pour les questions complexes,Personnalisé,Gratuit,-----,-----,Non,-----,Non,-----,Tout public,-----,Oui,-----,-----,50.4362891,2.83545113,8h30 à 12h15 / 13h30 à 16h15,8h30 à 12h15 / 13h30 à 16h15,8h30 à 12h15,8h30 à 12h15,8h30 à 12h15,-----,-----,-----,Non,Pas-de-Calais,Lens,CA de Lens - Liévin,AdminAgso,2022/07/26 09:04:59.639+00,AdminAgso,2022/07/26 09:04:59.639+00,12eadce6-efed-46ec-9426-6926562fbf50
2.77325799950283,50.4301529997931,33,1301,2021/06/02 00:00:00+00,Agence Pôle Emploi LIEVIN,Public,Non,"Pôle Emploi, Mission Locale",SANS RENDEZ-VOUS du lundi au jeudi : 08h30 -12h45 et vendredi 9h00 -12h00 / AVEC  RENDEZ VOUS du lundi au jeudi : 12h45 - 16h30,-----,207 rue Solas Goulet,62800,LIEVIN,-----,https://www.pole-emploi.fr/accueil/,Oui,Pôle Emploi propose dans ses locaux un espace disposant d'équipements informatiques accessibles librement par les usagers pour réaliser leurs démarches Pôle Emploi en ligne.,Accès libre,Gratuit,Accès aux horaires d'ouverture,Non,-----,-----,-----,-----,-----,-----,Oui,Oui,"Emploi (Recherche d'emploi, création d'entreprise...)",-----,Individuel,Gratuit,-----,-----,Non,-----,Non,-----,Demandeurs d'emploi,-----,-----,-----,-----,50.430153,2.773258,-----,-----,-----,-----,-----,-----,-----,-----,-----,Pas-de-Calais,Lens,CA de Lens - Liévin,AdminAgso,2022/07/26 09:04:59.639+00,AdminAgso,2022/07/26 09:04:59.639+00,019b19f9-43b0-4c63-b9a0-070531f33a44
2.76764776432948,50.4233829793666,34,0245,2018/11/01 00:00:00+00,Centre Culturel et Social de Jules Grare,Privé,Non,"Centre social, Maison de quartier",mardi : 13:30-15:00 et 16:00-17:30 / Mercredi : 10:00-11:30 / Jeudi : 13:30-15:00 et 15:30-17:00,julesgrare@lievin.fr,Rue des Marichelles,62800,Liévin,03 21 44 20 60,https://lievin.fr/,Non,-----,-----,-----,-----,Oui,Le Centre propose des créneaux de formation dédiés aux séniors (55 ans et plus). Chaque créneau permet l'accueil de 8 personnes.,Sur inscription,En groupe,"Payant - En plus de l’adhésion, il y a un pass d’activités de 16 euros à prendre pour les liévinois (pour ceux n’habitant pas Liévin, le pass est à 30 euros).",-----,-----,Non,-----,-----,-----,-----,-----,-----,-----,Non,-----,Non,-----,Adhérents,-----,Non,-----,chéques #APTIC acceptés,50.42338298,2.76764776,-----,-----,-----,-----,-----,-----,-----,-----,-----,Pas-de-Calais,Lens,CA de Lens - Liévin,AdminAgso,2022/07/26 09:04:59.639+00,AdminAgso,2022/07/26 09:04:59.639+00,f5f798b7-73f9-4019-a8ab-5c047e0f21bc
2.77853400000498,50.4197510000315,35,0752,2018/11/01 00:00:00+00,Bibliothèque Jacques Duquesne Pôle Gambetta,Public,Non,Bibliothèque - Médiathèque,-----,l.ferdi@lievin.fr,place Gambetta,62800,Liévin,03 21 45 83 92,https://lievin.fr/,Oui,Accès à Internet dans la bibliothèque.,Accès libre,Gratuit,-----,Non,-----,-----,-----,-----,-----,-----,Non,-----,-----,-----,-----,-----,-----,-----,Non,-----,Non,-----,Tout public,-----,-----,-----,chéques #APTIC acceptés,50.419751,2.778534,-----,-----,-----,-----,-----,-----,-----,-----,-----,Pas-de-Calais,Lens,CA de Lens - Liévin,AdminAgso,2022/07/26 09:04:59.639+00,AdminAgso,2022/07/26 09:04:59.639+00,1fcf08a8-3133-44d8-871d-6c8e7b034128
2.75868702828603,50.4302690941421,36,1857,2021/01/25 00:00:00+00,centre culturel et social les hauts de liévin - salle Baras,Public,Non,"Centre social, Maison de quartier",-----,-----,Rue Pasteur,62800,Liévin,-----,https://lievin.fr/,Non,-----,-----,-----,-----,Oui,-----,-----,-----,-----,-----,-----,Non,-----,-----,-----,-----,-----,-----,-----,Non,-----,Non,-----,-----,-----,-----,-----,chéques #APTIC acceptés,50.43026909,2.75868703,-----,-----,-----,-----,-----,-----,-----,-----,-----,Pas-de-Calais,Lens,CA de Lens - Liévin,AdminAgso,2022/07/26 09:04:59.639+00,AdminAgso,2022/07/26 09:04:59.639+00,eb583e1a-deb2-450d-80f5-f41b06940a8d
2.78501057615789,50.4200935361433,37,1858,2021/01/25 00:00:00+00,point information jeunesse - centre Outtier,Public,Non,"Collectivité territoriale, Ville, CCAS",-----,-----,309 Rue Clovis,62800,Liévin,-----,https://lievin.fr/,Non,-----,-----,-----,-----,Oui,-----,-----,-----,-----,-----,-----,Non,-----,-----,-----,-----,-----,-----,-----,Non,-----,Non,-----,-----,-----,-----,-----,chéques #APTIC acceptés,50.42009354,2.78501058,-----,-----,-----,-----,-----,-----,-----,-----,-----,Pas-de-Calais,Lens,CA de Lens - Liévin,AdminAgso,2022/07/26 09:04:59.639+00,AdminAgso,2022/07/26 09:04:59.639+00,f040337d-73e4-4f09-81fb-29e31a3ab937
2.8491682266593,50.4455954570751,38,1854,2021/01/25 00:00:00+00,Mairie de Loison-sous-Lens,Public,Non,"Collectivité territoriale, Ville, CCAS",-----,-----,87 Rue Georges Devouges,62218,Loison-sous-Lens,-----,-----,Oui,-----,-----,-----,-----,Non,-----,-----,-----,-----,-----,-----,Non,-----,-----,-----,-----,-----,-----,-----,Non,-----,Non,-----,-----,-----,-----,-----,chéques #APTIC acceptés,50.44559546,2.84916823,-----,-----,-----,-----,-----,-----,-----,-----,-----,Pas-de-Calais,Lens,CA de Lens - Liévin,AdminAgso,2022/07/26 09:04:59.639+00,AdminAgso,2022/07/26 09:04:59.639+00,d7c651cb-e9dc-457e-be7c-f11bbb72606d
2.76624369627384,50.4547882079835,39,1809,2020/11/27 00:00:00+00,EVS de Loos en Gohelle,Privé,Oui,"Tiers-lieu & coworking, FabLab",-----,-----,137 Rue des Heros de la Résistance,62750,Loos-en-Gohelle,03 21 44 00 95,https://www.facebook.com/EVS-Loos-en-Gohelle-1478064839101271,Oui,-----,-----,-----,-----,Oui,-----,-----,-----,-----,-----,-----,Oui,Oui,-----,-----,-----,-----,-----,-----,Non,-----,Non,-----,-----,-----,-----,-----,chéques #APTIC acceptés,50.45478821,2.7662437,-----,-----,-----,-----,-----,-----,-----,-----,-----,Pas-de-Calais,Lens,CA de Lens - Liévin,AdminAgso,2022/07/26 09:04:59.639+00,AdminAgso,2022/07/26 09:04:59.639+00,cc04d277-517b-4f0d-979e-764337f89beb
2.71010599959017,50.4672089998464,40,0267,2021/07/26 00:00:00+00,Centre Social Cité des Brebis,Privé,Non,"Centre social, Maison de quartier",Fermeture annuelle entre Noel et Nouvel An,csmazingarbe@orange.fr,Place de la Marne Cité des Brebis,62670,MAZINGARBE,03 21 45 35 20,http://csmazingarbe.free.fr/,Oui,"Poste informatique sans connexion à internet, Poste informatique connecté à internet, Tablette sans connexion à internet, Tablette connectée à internet, Scanner, Imprimante","Libre, Sur réservation, inscription ou prise de rendez-vous","gratuit, accessible en souscrivant à un abonnement ou une adhésion","Aux horaires d'ouverture de la structure, Accès libre pour certaines demandes, des créneaux spécifiques pour d'autres",Oui,"L'utilisation du poste informatique, L'utilisation d'outils bureautiques et de communication, L'utilisation de services dématérialisés en ligne, La création et publication de contenus en ligne (vidéos, blogs, sites), L'utilisation des réseaux sociaux, L'utilisation de terminaux (tablette, téléphone, imprimantes, scanner), L'utilisation de plateformes d'apprentissage (tutoriels, MOOC), La sensibilisation aux cultures et usages du numérique, La fabrication d'objets numériques (robots, 3D), Création d'applications","Sur réservation, inscription ou prise de rendez-vous","Individuel, En groupe","gratuit, accessible en souscrivant à un abonnement ou une adhésion",Quotidienne,"Aux horaires d'ouverture de la structure, En fonction des services proposés",Oui,"Non, accompagnement à tous types de démarches",-----,"Sur réservation, inscription ou prise de rendez-vous","Individuellement, En groupe","gratuit, accessible en souscrivant à un abonnement ou une adhésion",Hebdomadaire,Aux horaires d'ouverture de la structure,Non,-----,Non,-----,"Jeunes, adultes, parents, séniors, intervenants extérieurs (pour les animations en visio), enfants, salariés et bénévoles des Centres Sociaux",-----,Oui,Facile,-----,50.467209,2.710106,9h-12h / 14h-18h,9h-12h / 14h-18h,9h-12h / 14h-18h,9h-12h / 14h-18h,9h-12h / 14h-18h,-----,-----,-----,Non,Pas-de-Calais,Lens,CA de Lens - Liévin,AdminAgso,2022/07/26 09:04:59.639+00,AdminAgso,2022/07/26 09:04:59.639+00,4f4338e6-38fb-4e2c-8867-e7ef42126431
2.74878199941648,50.4683060002507,41,0268,2018/11/01 00:00:00+00,Centre Social Maison des 3 Cités,Privé,Non,"Centre social, Maison de quartier",Jeudi : 14:00-17:00,csmazingarbe@orange.fr,Chemin de la Bassée,62670,Mazingarbe,03 21 37 28 00,-----,Oui,"Le Centre Social propose un créneau durant lequel les adhérents peuvent venir avec leurs demandes concernant l'utilisation d'un ordinateur, d'une tablette ou d'un smartphone",Accès libre,Gratuit,-----,Oui,Accompagnement informatique personnalisé sur demande,Accès libre,-----,Gratuit,-----,-----,Non,-----,-----,-----,-----,-----,-----,-----,Non,-----,Non,-----,Adhérents,-----,Oui,-----,-----,50.468306,2.748782,-----,-----,-----,-----,-----,-----,-----,-----,-----,Pas-de-Calais,Lens,CA de Lens - Liévin,AdminAgso,2022/07/26 09:04:59.639+00,AdminAgso,2022/07/26 09:04:59.639+00,cd8e604a-0764-47c3-b317-7e7c0f016b6b
2.72053313320919,50.469959258571,42,1825,2020/12/08 00:00:00+00,Accompagnement numérique - Mairie,Public,Non,"Collectivité territoriale, Ville, CCAS",-----,-----,"3, Rue Alfred Lefebvre",62670,Mazingarbe,-----,-----,Oui,-----,-----,-----,-----,Oui,-----,-----,-----,-----,-----,-----,Oui,Oui,-----,-----,-----,-----,-----,-----,Non,-----,Non,-----,-----,-----,-----,-----,chéques #APTIC acceptés,50.46995926,2.72053313,-----,-----,-----,-----,-----,-----,-----,-----,-----,Pas-de-Calais,Lens,CA de Lens - Liévin,AdminAgso,2022/07/26 09:04:59.639+00,AdminAgso,2022/07/26 09:04:59.639+00,a36831e7-c2f4-4eac-8f0a-3d3ba4c02147
2.86761400057989,50.4020980002091,43,0269,2018/11/01 00:00:00+00,Centre Social Max Pol Fouchet,Public,Non,"Centre social, Maison de quartier",mercredi : 14:00-17:00,contact@mairie-mericourt.fr,Rue Jean Jacques Rousseau,62680,Méricourt,09 64 10 79 61,-----,Oui,Le Centre Social Max Pol Fouchet dispose d'une Cyberbase en accès libre sur un créneau.,Accès libre avec accompagnement personnalisé sur demande,Gratuit,-----,Oui,Le Centre propose différents créneaux pour des cours informatiques. Il est possible d'être positionné selon ses disponibilités et/ou son niveau.,Accès libre,En groupe,Payant,-----,-----,Non,-----,-----,-----,-----,-----,-----,-----,Non,-----,Non,-----,Tout public,-----,Oui,-----,-----,50.402098,2.867614,-----,-----,-----,-----,-----,-----,-----,-----,-----,Pas-de-Calais,Lens,CA de Lens - Liévin,AdminAgso,2022/07/26 09:04:59.639+00,AdminAgso,2022/07/26 09:04:59.639+00,70989262-9187-4053-b5de-6be6071e5c7d
2.87191700064874,50.4011280003069,44,0764,2018/11/01 00:00:00+00,Mediatheque La Gare,Public,Non,Bibliothèque - Médiathèque,-----,mediatheque@mairie-mericourt.fr,rue de la Gare,62680,Méricourt,03 91 83 14 85,-----,Oui,Accès à Internet dans la bibliothèque.,Accès libre,-----,-----,Non,-----,-----,-----,-----,-----,-----,Non,-----,-----,-----,-----,-----,-----,-----,Non,-----,Non,-----,Tout public,-----,-----,-----,-----,50.401128,2.871917,-----,-----,-----,-----,-----,-----,-----,-----,-----,Pas-de-Calais,Lens,CA de Lens - Liévin,AdminAgso,2022/07/26 09:04:59.639+00,AdminAgso,2022/07/26 09:04:59.639+00,b58db013-974d-4d84-900b-f21e0334ebb3
2.88271699936358,50.4050368001113,45,1826,2020/12/08 00:00:00+00,Accompagnement numérique - Mairie,Public,Non,"Collectivité territoriale, Ville, CCAS",-----,-----,Rue Des Ecoles,62680,Méricourt,-----,-----,Oui,-----,-----,-----,-----,Oui,-----,-----,-----,-----,-----,-----,Oui,Oui,-----,-----,-----,-----,-----,-----,Non,-----,Non,-----,-----,-----,-----,-----,chéques #APTIC acceptés,50.4050368,2.882717,-----,-----,-----,-----,-----,-----,-----,-----,-----,Pas-de-Calais,Lens,CA de Lens - Liévin,AdminAgso,2022/07/26 09:04:59.639+00,AdminAgso,2022/07/26 09:04:59.639+00,0df585fc-a8fa-433d-835f-e589464a9434
2.89007400009604,50.4953180001672,46,0759,2018/11/01 00:00:00+00,Médiathèque de Meurchin,Public,Non,Bibliothèque - Médiathèque,-----,mediatheque@meurchin.fr,Place Jean Jaurès,62410,Meurchin,03 21 74 10 52,http://meurchin.bibli.fr/opac/,Oui,Accès à Internet dans la bibliothèque.,Accès libre,-----,-----,Non,-----,-----,-----,-----,-----,-----,Non,-----,-----,-----,-----,-----,-----,-----,Non,-----,Non,-----,Tout public,-----,-----,-----,-----,50.495318,2.890074,-----,-----,-----,-----,-----,-----,-----,-----,-----,Pas-de-Calais,Lens,CA de Lens - Liévin,AdminAgso,2022/07/26 09:04:59.639+00,AdminAgso,2022/07/26 09:04:59.639+00,a1c46759-bc9a-45e7-816d-561d3bc0cc4b
2.88762900053235,50.4249590003603,47,0282,2018/11/01 00:00:00+00,Centre Social Kaleido,Public,Non,"Centre social, Maison de quartier",Lundi : 14:00-16:00 / Mardi : 10:00-12:00 et 17:00-19:00 / Mercredi 10:00-12:00 et 14:00-17:00 / Jeudi : 10:00-12:00 et 16:00-17:00 / Vendredi : 10:00-12:00 et 14:00-17:00,centresocial@noyelles-sous-lens.fr,8 rue du Maréchal Leclerc,62221,Noyelles-sous-Lens,03 21 70 90 20,-----,Oui,Le Centre Social dispose de plusieurs ordinateurs en accès libre sur différents créneaux. Un accompagnement est possible.,Accès libre,Gratuit,-----,Oui,Le Centre propose différents créneaux durant lesquels les adhérents peuvent venir faire leurs demandes. Il est préférable de venir avec son propre matériel.,Sur inscription,Personnalisé,"Gratuit puis payant - En adhérant au Centre, ils ont le droit à 5 heures gratuites (puis 2,5 €/heure pour les habitants de la ville, 5€ pour ceux de l’extérieur).",-----,-----,Non,-----,-----,-----,-----,-----,-----,-----,Non,-----,Non,-----,Tout public,-----,Oui,-----,chéques #APTIC acceptés,50.424959,2.887629,-----,-----,-----,-----,-----,-----,-----,-----,-----,Pas-de-Calais,Lens,CA de Lens - Liévin,AdminAgso,2022/07/26 09:04:59.639+00,AdminAgso,2022/07/26 09:04:59.639+00,7f8cf00d-fc2e-4731-be0c-c9492f509943
2.87388300033833,50.4283250001893,48,0770,2018/11/01 00:00:00+00,Médiathèque Municipale,Public,Non,Bibliothèque - Médiathèque,-----,biblio@noyelles-sous-len.fr,54 rue Victor Hugo,62221,Noyelles-sous-Lens,03 21 70 30 40,http://www.mediathequedenoyelles.com,Oui,Accès à Internet dans la bibliothèque.,Accès libre,-----,-----,Non,-----,-----,-----,-----,-----,-----,Non,-----,-----,-----,-----,-----,-----,-----,Non,-----,Non,-----,Tout public,-----,-----,-----,-----,50.428325,2.873883,-----,-----,-----,-----,-----,-----,-----,-----,-----,Pas-de-Calais,Lens,CA de Lens - Liévin,AdminAgso,2022/07/26 09:04:59.639+00,AdminAgso,2022/07/26 09:04:59.639+00,1088e832-bcc3-4bfe-9bc4-7811c81d7dc6
2.68502129950853,50.4402013001131,49,1823,2020/12/08 00:00:00+00,Accompagnement numérique - Mairie,Public,Non,"Collectivité territoriale, Ville, CCAS",-----,-----,Place Lyautey,62114,Sains-en-Gohelle,-----,-----,Oui,-----,-----,-----,-----,Oui,-----,-----,-----,-----,-----,-----,Oui,Oui,-----,-----,-----,-----,-----,-----,Non,-----,Non,-----,-----,-----,-----,-----,chéques #APTIC acceptés,50.4402013,2.6850213,-----,-----,-----,-----,-----,-----,-----,-----,-----,Pas-de-Calais,Lens,CA de Lens - Liévin,AdminAgso,2022/07/26 09:04:59.639+00,AdminAgso,2022/07/26 09:04:59.639+00,2c7d262a-c9e3-4e2d-916d-395508a71858
2.68396800023585,50.4474689997418,50,FS365,2020/09/01 00:00:00+00,France Services - Sains-en-Gohelle,Public,Non,France Service,-----,msap.sains-en-gohelle@laposte.fr,Place de la mairie,62114,SAINS-EN-GOHELLE,03 21 45 62 95,https://www.economie.gouv.fr/particuliers/france-services,Non,-----,-----,-----,-----,Non,-----,-----,-----,-----,-----,-----,Oui,Oui,"La labellisation France Services permet au minimum de réaliser ses démarches auprès de la Caisse d'allocations familiales (CAF), les ministères de l'Intérieur et de la Justice, les services des impôts et de la direction générale des Finances publiques (DGFIP) , la Caisse nationale d'assurance vieillesse (CNAV), la Caisse nationale d'assurance maladie (sécurité sociale) , la Mutualité sociale agricole (MSA), Pôle emploi et La Poste. Des services des collectivités territoriales ou d’autres partenaires (SNCF, banques) peuvent être proposés.",-----,-----,-----,-----,-----,Non,-----,Non,-----,Pour tous les citoyens français et les personnes résidant en France qui utilisent les services publics français.,-----,-----,-----,-----,50.447469,2.683968,08:30 - 12:00 / 14:00 - 17:00,8:30 - 12:00 14:00 -16:15,8:30 - 12:00 / 14:00 - 17:00,8:30 - 12:00 / 14:00 - 17:00,8:30 - 12:00 / 14:00 - 17:00,08:30 - 12:00,-----,-----,Oui,Pas-de-Calais,Lens,CA de Lens - Liévin,AdminAgso,2022/07/26 09:04:59.639+00,AdminAgso,2022/07/26 09:04:59.639+00,6567aaae-8d18-4518-bf98-bf3f14b2fc92
2.85535699948833,50.4216920001159,51,0795,2018/11/01 00:00:00+00,Mediatheque Municipale,Public,Non,Bibliothèque - Médiathèque,-----,bibliotheque@ville-sallaumines.fr,rue Arthur Lamendin,62430,Sallaumines,03 21 67 00 67,http://www.bibliotheque.ville-sallaumines.fr/portail/,Oui,Accès à Internet dans la bibliothèque.,Accès libre,-----,-----,Non,-----,-----,-----,-----,-----,-----,Non,-----,-----,-----,-----,-----,-----,-----,Non,-----,Non,-----,Tout public,-----,-----,-----,-----,50.421692,2.855357,-----,-----,-----,-----,-----,-----,-----,-----,-----,Pas-de-Calais,Lens,CA de Lens - Liévin,AdminAgso,2022/07/26 09:04:59.639+00,AdminAgso,2022/07/26 09:04:59.639+00,0fa1abf7-f130-4c37-b8f0-aad2aec6925c
2.74424500054734,50.3950730002723,52,0798,2018/11/01 00:00:00+00,Bibliothèque Municipale De Souchez,Public,Non,Bibliothèque - Médiathèque,-----,mediathequedesouchez@live.fr,11bis rue Jean Jaurès,62153,Souchez,03 21 72 98 90,http://www.mediatheque-souchez.fr,Oui,Accès à Internet dans la bibliothèque.,Accès libre,-----,-----,Non,-----,-----,-----,-----,-----,-----,Non,-----,-----,-----,-----,-----,-----,-----,Non,-----,Non,-----,Tout public,-----,-----,-----,-----,50.395073,2.744245,-----,-----,-----,-----,-----,-----,-----,-----,-----,Pas-de-Calais,Lens,CA de Lens - Liévin,AdminAgso,2022/07/26 09:04:59.639+00,AdminAgso,2022/07/26 09:04:59.639+00,af64e5af-22b1-4589-a8f4-9f7ba72f592f
2.86599000056589,50.4749999995965,53,1726,2021/07/15 00:00:00+00,Bibliothèque de vendin le vieil,Public,Non,Bibliothèque - Médiathèque,-----,bibliotheque@vendinlevieil.fr,"4 Rue Jean Jaurès,",62880,Vendin-le-Vieil,03 21 69 39 27,https://vendinlevieil.bibenligne.fr/,Oui,"Poste informatique connecté à internet, Imprimante",Libre,gratuit,Aux horaires d'ouverture de la structure,Non,-----,-----,-----,-----,-----,-----,Non,-----,-----,-----,-----,-----,-----,-----,Non,-----,Non,-----,-----,-----,Non,Facile,-----,50.475,2.86599,fermé,14h00 –  18h00,9h30 – 11h30 / 14h – 18h00,-----,9h30 – 11h30,9h30 – 12h,-----,-----,Non,Pas-de-Calais,Lens,CA de Lens - Liévin,AdminAgso,2022/07/26 09:04:59.639+00,AdminAgso,2022/07/26 09:04:59.639+00,9f6a33f5-a043-4cda-9c3b-4ff026d2f902
2.84604041558945,50.4868237707282,54,2125,2021/03/26 00:00:00+00,Maison de Quartier Nicolas Boileau,Public,Non,"Centre social, Maison de quartier",-----,-----,33 Rue Boileau,62410,Wingles,03 21 40 33 78,http://www.wingles.fr/Les-batiments-publics/Maison-de-Quartier-Nicolas-Boileau,Oui,-----,-----,-----,-----,Oui,-----,-----,-----,-----,-----,-----,Oui,-----,-----,-----,-----,-----,-----,-----,Non,-----,Non,-----,-----,-----,-----,-----,chéques #APTIC acceptés,50.48682377,2.84604042,-----,-----,-----,-----,-----,-----,-----,-----,-----,Pas-de-Calais,Lens,CA de Lens - Liévin,AdminAgso,2022/07/26 09:04:59.639+00,AdminAgso,2022/07/26 09:04:59.639+00,4c8372ea-b941-442b-adea-0433f55250fb
2.68408203124599,50.4390869137271,55,,2022/07/21 00:00:00+00,EPN Henri Barbusse,,Oui,,,,,62114,Sains-en-Gohelle,,,,,,,,,,,,,,,,,,,,,,,,,,,,,,,,,,,,,,,,,,,,Lens,CA de Lens - Liévin,AdminAgso,2022/07/26 09:04:59.639+00,AdminAgso,2022/07/26 09:04:59.639+00,36fd47a2-adbc-4d18-aebb-a6c4003b54b5
